experiment,case,repeat,seed,n,m,q,sigma,B,noise_model,trials,successes,failures,success_rate,failure_rate,accumulated_error_mean,accumulated_abs_error_mean,accumulated_error_std,time_keygen_s,time_encrypt_total_s,time_decrypt_total_s,time_encrypt_mean_s,time_decrypt_mean_s,time_attack_s,attack_solution_found,attack_success,public_key_size_bytes
noise_sweep,sigma=0,0,2170349634,64,128,257,0.0,,gaussian,1000,1000,0,1.0,0.0,0.0,0.0,0.0,3.225001273676753e-05,0.0064689590071793646,0.0025925829977495596,6.468959007179365e-06,2.5925829977495594e-06,,,,9360
noise_sweep,sigma=0,1,2801603999,64,128,257,0.0,,gaussian,1000,1000,0,1.0,0.0,0.0,0.0,0.0,5.008300649933517e-05,0.006472499997471459,0.002156959002604708,6.4724999974714596e-06,2.1569590026047082e-06,,,,9360
noise_sweep,sigma=0,2,1723598005,64,128,257,0.0,,gaussian,1000,1000,0,1.0,0.0,0.0,0.0,0.0,2.5958011974580586e-05,0.006350832991302013,0.002194957996835001,6.350832991302013e-06,2.1949579968350007e-06,,,,9360
noise_sweep,sigma=0,3,188013582,64,128,257,0.0,,gaussian,1000,1000,0,1.0,0.0,0.0,0.0,0.0,2.5332992663607e-05,0.006337625003652647,0.0022583329991903156,6.337625003652647e-06,2.2583329991903156e-06,,,,9360
noise_sweep,sigma=0,4,2478851582,64,128,257,0.0,,gaussian,1000,1000,0,1.0,0.0,0.0,0.0,0.0,2.2916996385902166e-05,0.006338125007459894,0.0022202919935807586,6.338125007459894e-06,2.2202919935807586e-06,,,,9360
noise_sweep,sigma=0,5,86026419,64,128,257,0.0,,gaussian,1000,1000,0,1.0,0.0,0.0,0.0,0.0,2.4583001504652202e-05,0.006390667011146434,0.0022770840005250648,6.390667011146434e-06,2.277084000525065e-06,,,,9360
noise_sweep,sigma=0,6,1187883864,64,128,257,0.0,,gaussian,1000,1000,0,1.0,0.0,0.0,0.0,0.0,2.4708002456463873e-05,0.006420499994419515,0.0022887920058565214,6.4204999944195155e-06,2.2887920058565215e-06,,,,9360
noise_sweep,sigma=0,7,3604390595,64,128,257,0.0,,gaussian,1000,1000,0,1.0,0.0,0.0,0.0,0.0,2.2249994799494743e-05,0.0063891250028973445,0.002199374997871928,6.389125002897344e-06,2.199374997871928e-06,,,,9360
noise_sweep,sigma=0,8,1994939892,64,128,257,0.0,,gaussian,1000,1000,0,1.0,0.0,0.0,0.0,0.0,2.5208995793946087e-05,0.006240833012270741,0.0022721659915987402,6.240833012270741e-06,2.27216599159874e-06,,,,9360
noise_sweep,sigma=0,9,2521760186,64,128,257,0.0,,gaussian,1000,1000,0,1.0,0.0,0.0,0.0,0.0,2.2541993530467153e-05,0.00635787499777507,0.00219295900024008,6.35787499777507e-06,2.19295900024008e-06,,,,9360
noise_sweep,sigma=0,10,4143434832,64,128,257,0.0,,gaussian,1000,1000,0,1.0,0.0,0.0,0.0,0.0,2.204100019298494e-05,0.006311583012575284,0.002268500000354834,6.311583012575283e-06,2.268500000354834e-06,,,,9360
noise_sweep,sigma=0,11,965101613,64,128,257,0.0,,gaussian,1000,1000,0,1.0,0.0,0.0,0.0,0.0,2.19999928958714e-05,0.0064539169979980215,0.002278582993312739,6.4539169979980215e-06,2.2785829933127387e-06,,,,9360
noise_sweep,sigma=0,12,3635674184,64,128,257,0.0,,gaussian,1000,1000,0,1.0,0.0,0.0,0.0,0.0,2.5417000870220363e-05,0.006526166995172389,0.002195458990172483,6.526166995172389e-06,2.195458990172483e-06,,,,9360
noise_sweep,sigma=0,13,3228923219,64,128,257,0.0,,gaussian,1000,1000,0,1.0,0.0,0.0,0.0,0.0,2.4541004677303135e-05,0.006527499994263053,0.002168125007301569,6.527499994263053e-06,2.168125007301569e-06,,,,9360
noise_sweep,sigma=0,14,1632057518,64,128,257,0.0,,gaussian,1000,1000,0,1.0,0.0,0.0,0.0,0.0,2.4666995159350336e-05,0.006402250000974163,0.002252499994938262,6.402250000974164e-06,2.252499994938262e-06,,,,9360
noise_sweep,sigma=0,15,1132549363,64,128,257,0.0,,gaussian,1000,1000,0,1.0,0.0,0.0,0.0,0.0,2.5374989490956068e-05,0.006348042006720789,0.0022112919978098944,6.348042006720789e-06,2.2112919978098944e-06,,,,9360
noise_sweep,sigma=0,16,1176014286,64,128,257,0.0,,gaussian,1000,1000,0,1.0,0.0,0.0,0.0,0.0,2.2791995434090495e-05,0.006460667005740106,0.002283375011757016,6.460667005740106e-06,2.2833750117570163e-06,,,,9360
noise_sweep,sigma=0,17,1803791386,64,128,257,0.0,,gaussian,1000,1000,0,1.0,0.0,0.0,0.0,0.0,2.2249994799494743e-05,0.006235124994418584,0.002236542000900954,6.235124994418584e-06,2.236542000900954e-06,,,,9360
noise_sweep,sigma=0,18,2745696958,64,128,257,0.0,,gaussian,1000,1000,0,1.0,0.0,0.0,0.0,0.0,2.304099325556308e-05,0.006388875000993721,0.002247165990411304,6.388875000993721e-06,2.247165990411304e-06,,,,9360
noise_sweep,sigma=0,19,1937165055,64,128,257,0.0,,gaussian,1000,1000,0,1.0,0.0,0.0,0.0,0.0,2.445800055284053e-05,0.006451124994782731,0.0022775000106776133,6.451124994782731e-06,2.2775000106776133e-06,,,,9360
noise_sweep,sigma=0,20,632291957,64,128,257,0.0,,gaussian,1000,1000,0,1.0,0.0,0.0,0.0,0.0,2.4209002731367946e-05,0.006432833994040266,0.0023160419950727373,6.432833994040265e-06,2.316041995072737e-06,,,,9360
noise_sweep,sigma=0,21,4103044874,64,128,257,0.0,,gaussian,1000,1000,0,1.0,0.0,0.0,0.0,0.0,2.70830059889704e-05,0.006417457989300601,0.0022937079920666292,6.417457989300601e-06,2.2937079920666292e-06,,,,9360
noise_sweep,sigma=0,22,1670655783,64,128,257,0.0,,gaussian,1000,1000,0,1.0,0.0,0.0,0.0,0.0,2.8708003810606897e-05,0.00644816699787043,0.002264124996145256,6.4481669978704305e-06,2.2641249961452557e-06,,,,9360
noise_sweep,sigma=0,23,3830688499,64,128,257,0.0,,gaussian,1000,1000,0,1.0,0.0,0.0,0.0,0.0,2.2584004909731448e-05,0.00621658300224226,0.0022335829999065027,6.21658300224226e-06,2.2335829999065026e-06,,,,9360
noise_sweep,sigma=0,24,813450721,64,128,257,0.0,,gaussian,1000,1000,0,1.0,0.0,0.0,0.0,0.0,2.3917004000395536e-05,0.006363041989970952,0.0022839580051368102,6.363041989970953e-06,2.2839580051368103e-06,,,,9360
noise_sweep,sigma=0,25,1196719731,64,128,257,0.0,,gaussian,1000,1000,0,1.0,0.0,0.0,0.0,0.0,2.1832995116710663e-05,0.006459625001298264,0.002253667000331916,6.4596250012982635e-06,2.253667000331916e-06,,,,9360
noise_sweep,sigma=0,26,3336091523,64,128,257,0.0,,gaussian,1000,1000,0,1.0,0.0,0.0,0.0,0.0,2.3833999875932932e-05,0.00649883299774956,0.0022352500091074035,6.4988329977495595e-06,2.2352500091074036e-06,,,,9360
noise_sweep,sigma=0,27,1196295698,64,128,257,0.0,,gaussian,1000,1000,0,1.0,0.0,0.0,0.0,0.0,2.1625004592351615e-05,0.00648179100244306,0.0022664580028504133,6.481791002443061e-06,2.266458002850413e-06,,,,9360
noise_sweep,sigma=0,28,3843558857,64,128,257,0.0,,gaussian,1000,1000,0,1.0,0.0,0.0,0.0,0.0,2.37500062212348e-05,0.006447542007663287,0.0021944580075796694,6.447542007663287e-06,2.1944580075796693e-06,,,,9360
noise_sweep,sigma=0,29,1812474371,64,128,257,0.0,,gaussian,1000,1000,0,1.0,0.0,0.0,0.0,0.0,2.487500023562461e-05,0.00633433299663011,0.0022415839921450242,6.33433299663011e-06,2.241583992145024e-06,,,,9360
noise_sweep,sigma=0.5,0,1962385950,64,128,257,0.5,,gaussian,1000,1000,0,1.0,0.0,-6.431,6.501,3.2670954857354437,3.245800326112658e-05,0.006315332997473888,0.0022265000006882474,6.315332997473888e-06,2.2265000006882475e-06,,,,9360
noise_sweep,sigma=0.5,1,17513694,64,128,257,0.5,,gaussian,1000,1000,0,1.0,0.0,0.076,2.638,3.342363743729188,2.474999928381294e-05,0.006329791009193286,0.002285124995978549,6.329791009193286e-06,2.2851249959785493e-06,,,,9360
noise_sweep,sigma=0.5,2,1814266205,64,128,257,0.5,,gaussian,1000,1000,0,1.0,0.0,-0.409,2.331,2.918258939031154,2.3542001144960523e-05,0.006283875001827255,0.002200500006438233,6.283875001827255e-06,2.200500006438233e-06,,,,9360
noise_sweep,sigma=0.5,3,1326817478,64,128,257,0.5,,gaussian,1000,1000,0,1.0,0.0,-2.066,3.214,3.462894112680264,2.504199801478535e-05,0.006395959004294127,0.0023010839940980077,6.395959004294127e-06,2.3010839940980077e-06,,,,9360
noise_sweep,sigma=0.5,4,2353082413,64,128,257,0.5,,gaussian,1000,1000,0,1.0,0.0,-4.419,4.723,3.3779949452078597,2.533300721552223e-05,0.006460832999437116,0.0022997909982223064,6.4608329994371164e-06,2.2997909982223065e-06,,,,9360
noise_sweep,sigma=0.5,5,4087752373,64,128,257,0.5,,gaussian,1000,1000,0,1.0,0.0,-1.99,3.148,3.4207603835407125,2.420799864921719e-05,0.00648087500303518,0.0023312919947784394,6.48087500303518e-06,2.3312919947784394e-06,,,,9360
noise_sweep,sigma=0.5,6,60347656,64,128,257,0.5,,gaussian,1000,1000,0,1.0,0.0,-3.506,4.124,3.5404093687734046,2.608299837447703e-05,0.006608791009057313,0.002306541005964391,6.608791009057313e-06,2.306541005964391e-06,,,,9360
noise_sweep,sigma=0.5,7,3600062109,64,128,257,0.5,,gaussian,1000,1000,0,1.0,0.0,-2.4,3.354,3.360251670826352,2.5874993298202753e-05,0.006572917001903988,0.002303582994500175,6.572917001903989e-06,2.3035829945001753e-06,,,,9360
noise_sweep,sigma=0.5,8,1716652374,64,128,257,0.5,,gaussian,1000,1000,0,1.0,0.0,-2.867,3.515,3.2229952992051816,2.4792010663077235e-05,0.0061563750059576705,0.0022307500039460137,6.156375005957671e-06,2.2307500039460137e-06,,,,9360
noise_sweep,sigma=0.5,9,2298358362,64,128,257,0.5,,gaussian,1000,1000,0,1.0,0.0,-1.367,2.679,3.017186506402018,2.3540997062809765e-05,0.006330165997496806,0.002310000010766089,6.330165997496806e-06,2.310000010766089e-06,,,,9360
noise_sweep,sigma=0.5,10,2018645148,64,128,257,0.5,,gaussian,1000,1000,0,1.0,0.0,-0.9,2.526,3.0458623208013322,2.3957996745593846e-05,0.006292999998549931,0.0022817499993834645,6.292999998549931e-06,2.2817499993834644e-06,,,,9360
noise_sweep,sigma=0.5,11,2085157426,64,128,257,0.5,,gaussian,1000,1000,0,1.0,0.0,1.906,2.734,2.897163709139951,2.579099964350462e-05,0.006456542003434151,0.0021639170008711517,6.456542003434152e-06,2.1639170008711518e-06,,,,9360
noise_sweep,sigma=0.5,12,3542012251,64,128,257,0.5,,gaussian,1000,1000,0,1.0,0.0,3.883,4.359,3.5816391693104905,2.3582993890158832e-05,0.006211707994225435,0.0022696660016663373,6.211707994225435e-06,2.2696660016663374e-06,,,,9360
noise_sweep,sigma=0.5,13,4059288180,64,128,257,0.5,,gaussian,1000,1000,0,1.0,0.0,-2.02,2.76,2.735156500290446,2.562500594649464e-05,0.006349749994114973,0.002187417005188763,6.349749994114972e-06,2.187417005188763e-06,,,,9360
noise_sweep,sigma=0.5,14,4251834311,64,128,257,0.5,,gaussian,1000,1000,0,1.0,0.0,0.522,2.592,3.2252004461611246,2.6000008801929653e-05,0.0063576660031685606,0.0022998329950496554,6.357666003168561e-06,2.2998329950496555e-06,,,,9360
noise_sweep,sigma=0.5,15,2547663734,64,128,257,0.5,,gaussian,1000,1000,0,1.0,0.0,-2.445,3.009,2.836727343616588,2.5707995519042015e-05,0.006466125007136725,0.002232541999546811,6.466125007136725e-06,2.232541999546811e-06,,,,9360
noise_sweep,sigma=0.5,16,3007345170,64,128,257,0.5,,gaussian,1000,1000,0,1.0,0.0,3.472,4.032,3.4227081282123564,2.5542001822032034e-05,0.00632200000109151,0.002278541011037305,6.32200000109151e-06,2.278541011037305e-06,,,,9360
noise_sweep,sigma=0.5,17,4049586873,64,128,257,0.5,,gaussian,1000,1000,0,1.0,0.0,1.498,2.82,3.2794436648234635,2.62079993262887e-05,0.006284125003730878,0.002207416997407563,6.284125003730878e-06,2.207416997407563e-06,,,,9360
noise_sweep,sigma=0.5,18,4006271944,64,128,257,0.5,,gaussian,1000,1000,0,1.0,0.0,-5.468,5.572,3.1203706050263826,2.3415996110998094e-05,0.006415374999050982,0.0023302089975913987,6.415374999050982e-06,2.3302089975913985e-06,,,,9360
noise_sweep,sigma=0.5,19,4285869455,64,128,257,0.5,,gaussian,1000,1000,0,1.0,0.0,1.419,2.841,3.2381977896547527,2.3333006538450718e-05,0.00629491699510254,0.002232458005892113,6.29491699510254e-06,2.2324580058921127e-06,,,,9360
noise_sweep,sigma=0.5,20,200406064,64,128,257,0.5,,gaussian,1000,1000,0,1.0,0.0,-0.996,2.704,3.2059729041684464,2.5708999601192772e-05,0.006317749997833744,0.0022741659922758117,6.3177499978337435e-06,2.2741659922758118e-06,,,,9360
noise_sweep,sigma=0.5,21,145018085,64,128,257,0.5,,gaussian,1000,1000,0,1.0,0.0,-0.006,2.65,3.3315256359606575,2.3125001462176442e-05,0.006306499999482185,0.0023290420067496598,6.306499999482185e-06,2.32904200674966e-06,,,,9360
noise_sweep,sigma=0.5,22,2494084151,64,128,257,0.5,,gaussian,1000,1000,0,1.0,0.0,2.387,3.335,3.3559638695155063,2.3582993890158832e-05,0.0064298330107703805,0.0022975829924689606,6.429833010770381e-06,2.2975829924689606e-06,,,,9360
noise_sweep,sigma=0.5,23,509213907,64,128,257,0.5,,gaussian,1000,1000,0,1.0,0.0,1.085,2.693,3.2215141087931234,2.329100971110165e-05,0.0065161250095115975,0.002315958001418039,6.5161250095115975e-06,2.315958001418039e-06,,,,9360
noise_sweep,sigma=0.5,24,3709826587,64,128,257,0.5,,gaussian,1000,1000,0,1.0,0.0,1.956,2.996,3.183425544629275,2.566599869169295e-05,0.006563959002960473,0.0023261250025825575,6.563959002960473e-06,2.3261250025825574e-06,,,,9360
noise_sweep,sigma=0.5,25,3269324113,64,128,257,0.5,,gaussian,1000,1000,0,1.0,0.0,5.468,5.584,3.294818937640099,2.5582994567230344e-05,0.006553541999892332,0.002312083001015708,6.553541999892332e-06,2.3120830010157077e-06,,,,9360
noise_sweep,sigma=0.5,26,543156277,64,128,257,0.5,,gaussian,1000,1000,0,1.0,0.0,-3.868,4.196,3.1138837923519675,2.5374989490956068e-05,0.006571999998413958,0.0023658339923713356,6.571999998413958e-06,2.3658339923713358e-06,,,,9360
noise_sweep,sigma=0.5,27,541756303,64,128,257,0.5,,gaussian,1000,1000,0,1.0,0.0,0.023,2.393,3.0095728149570546,2.5542001822032034e-05,0.006657291000010446,0.0021964579937048256,6.657291000010446e-06,2.1964579937048255e-06,,,,9360
noise_sweep,sigma=0.5,28,453131250,64,128,257,0.5,,gaussian,1000,1000,0,1.0,0.0,5.053,5.173,3.145168212207907,2.533300721552223e-05,0.006296874998952262,0.0022632500040344894,6.296874998952262e-06,2.2632500040344894e-06,,,,9360
noise_sweep,sigma=0.5,29,1468203882,64,128,257,0.5,,gaussian,1000,1000,0,1.0,0.0,2.039,2.825,2.9158156630659935,2.679199678823352e-05,0.006395542004611343,0.002262166002765298,6.395542004611343e-06,2.262166002765298e-06,,,,9360
noise_sweep,sigma=1,0,3629220457,64,128,257,1.0,,gaussian,1000,1000,0,1.0,0.0,-4.613,6.265,6.286553248939498,2.3792003048583865e-05,0.006442334008170292,0.0023124169965740293,6.4423340081702916e-06,2.3124169965740295e-06,,,,9360
noise_sweep,sigma=1,1,1288573036,64,128,257,1.0,,gaussian,1000,1000,0,1.0,0.0,-3.983,5.569,5.765062614312783,2.3540997062809765e-05,0.006482707991381176,0.0023173329973360524,6.4827079913811755e-06,2.3173329973360523e-06,,,,9360
noise_sweep,sigma=1,2,3024592431,64,128,257,1.0,,gaussian,1000,1000,0,1.0,0.0,-14.398,14.43,6.537609374713079,2.316699828952551e-05,0.006505165991256945,0.002309832998435013,6.505165991256945e-06,2.309832998435013e-06,,,,9360
noise_sweep,sigma=1,3,2366720641,64,128,257,1.0,,gaussian,1000,1000,0,1.0,0.0,1.795,5.263,6.328271645719866,2.441700780764222e-05,0.006577458989340812,0.0022850420064060017,6.577458989340812e-06,2.285042006406002e-06,,,,9360
noise_sweep,sigma=1,4,2590210037,64,128,257,1.0,,gaussian,1000,1000,0,1.0,0.0,-6.25,7.02,5.675183495509877,2.5457993615418673e-05,0.006547292010509409,0.0023117090022424236,6.5472920105094094e-06,2.3117090022424234e-06,,,,9360
noise_sweep,sigma=1,5,217410222,64,128,257,1.0,,gaussian,1000,1000,0,1.0,0.0,3.502,5.356,5.663220644480318,2.533399674575776e-05,0.006522875002701767,0.0025028750096680596,6.522875002701766e-06,2.5028750096680596e-06,,,,9360
noise_sweep,sigma=1,6,2905496314,64,128,257,1.0,,gaussian,1000,1000,0,1.0,0.0,0.124,4.438,5.580122020329104,6.437499541789293e-05,0.006993249990046024,0.0025268330064136535,6.993249990046024e-06,2.5268330064136534e-06,,,,9360
noise_sweep,sigma=1,7,1936903029,64,128,257,1.0,,gaussian,1000,1000,0,1.0,0.0,2.674,4.818,5.56117349582358,3.749999450519681e-05,0.007206249996670522,0.0025055419973796234,7.206249996670522e-06,2.5055419973796234e-06,,,,9360
noise_sweep,sigma=1,8,599706097,64,128,257,1.0,,gaussian,1000,1000,0,1.0,0.0,-5.737,6.431,5.1046928300230645,4.095799522474408e-05,0.0070875000092200935,0.0025672920019133016,7.087500009220094e-06,2.5672920019133015e-06,,,,9360
noise_sweep,sigma=1,9,2385495969,64,128,257,1.0,,gaussian,1000,1000,0,1.0,0.0,9.721,9.953,5.964455862334278,5.5832992075011134e-05,0.0066806660033762455,0.002243915994768031,6.680666003376245e-06,2.243915994768031e-06,,,,9360
noise_sweep,sigma=1,10,2618022815,64,128,257,1.0,,gaussian,1000,1000,0,1.0,0.0,4.908,6.214,5.9488591280114305,3.5375007428228855e-05,0.006427874992368743,0.002303959001437761,6.427874992368743e-06,2.3039590014377607e-06,,,,9360
noise_sweep,sigma=1,11,511833503,64,128,257,1.0,,gaussian,1000,1000,0,1.0,0.0,-4.965,6.349,6.147647401125781,2.9333998099900782e-05,0.006662083003902808,0.0023851250007282943,6.662083003902808e-06,2.385125000728294e-06,,,,9360
noise_sweep,sigma=1,12,2149027812,64,128,257,1.0,,gaussian,1000,1000,0,1.0,0.0,5.785,6.769,5.717295030209868,2.7457994292490184e-05,0.0064587910019326955,0.0023360000050161034,6.458791001932696e-06,2.3360000050161034e-06,,,,9360
noise_sweep,sigma=1,13,1466409577,64,128,257,1.0,,gaussian,1000,1000,0,1.0,0.0,5.936,6.746,5.629528896417141,2.658400626387447e-05,0.006546417003846727,0.0022185419948073104,6.546417003846728e-06,2.2185419948073106e-06,,,,9360
noise_sweep,sigma=1,14,3231381013,64,128,257,1.0,,gaussian,1000,1000,0,1.0,0.0,3.102,5.096,5.622206435662533,2.8416005079634488e-05,0.006774875000701286,0.0023132499918574467,6.774875000701286e-06,2.3132499918574467e-06,,,,9360
noise_sweep,sigma=1,15,2167033260,64,128,257,1.0,,gaussian,1000,1000,0,1.0,0.0,-2.961,4.977,5.4335073389112125,2.7290996513329446e-05,0.006261292000999674,0.0022756250109523535,6.2612920009996745e-06,2.2756250109523536e-06,,,,9360
noise_sweep,sigma=1,16,143589403,64,128,257,1.0,,gaussian,1000,1000,0,1.0,0.0,0.44,4.822,5.996862709981141,2.5125002139247954e-05,0.006436458003008738,0.0022336660040309653,6.436458003008738e-06,2.2336660040309652e-06,,,,9360
noise_sweep,sigma=1,17,1305520208,64,128,257,1.0,,gaussian,1000,1000,0,1.0,0.0,10.043,10.297,6.593680886092959,2.4916997062973678e-05,0.006382207997376099,0.002259041997604072,6.382207997376099e-06,2.2590419976040722e-06,,,,9360
noise_sweep,sigma=1,18,2418842714,64,128,257,1.0,,gaussian,1000,1000,0,1.0,0.0,-1.598,5.034,6.04292254732037,2.3542001144960523e-05,0.0065017090091714635,0.0022289999906206504,6.501709009171464e-06,2.22899999062065e-06,,,,9360
noise_sweep,sigma=1,19,1794593393,64,128,257,1.0,,gaussian,1000,1000,0,1.0,0.0,8.477,8.947,6.234287235710057,2.4499997380189598e-05,0.0063587089971406385,0.0022702920105075464,6.358708997140639e-06,2.2702920105075465e-06,,,,9360
noise_sweep,sigma=1,20,1147001659,64,128,257,1.0,,gaussian,1000,1000,0,1.0,0.0,-3.402,5.4,5.718487308466908,2.6249996153637767e-05,0.006448500003898516,0.002164749996154569,6.448500003898516e-06,2.164749996154569e-06,,,,9360
noise_sweep,sigma=1,21,1780525943,64,128,257,1.0,,gaussian,1000,1000,0,1.0,0.0,-4.28,5.342,5.084629136274685,2.5874993298202753e-05,0.006405374995665625,0.0022839580051368102,6.4053749956656245e-06,2.2839580051368103e-06,,,,9360
noise_sweep,sigma=1,22,1407878974,64,128,257,1.0,,gaussian,1000,1000,0,1.0,0.0,-3.145,5.189,5.688438567246141,2.4459004634991288e-05,0.0065615419880487025,0.0023189170024124905,6.561541988048703e-06,2.3189170024124906e-06,,,,9360
noise_sweep,sigma=1,23,400779899,64,128,257,1.0,,gaussian,1000,1000,0,1.0,0.0,0.8,4.38,5.425258835616365,2.4334003683179617e-05,0.006634249992202967,0.0023149170010583475,6.634249992202968e-06,2.3149170010583477e-06,,,,9360
noise_sweep,sigma=1,24,2992890445,64,128,257,1.0,,gaussian,1000,1000,0,1.0,0.0,6.885,7.423,5.458531906160352,2.6374997105449438e-05,0.006676834003883414,0.002310291994945146,6.676834003883414e-06,2.310291994945146e-06,,,,9360
noise_sweep,sigma=1,25,2525425309,64,128,257,1.0,,gaussian,1000,1000,0,1.0,0.0,2.197,4.719,5.475597974027419,2.6084002456627786e-05,0.006642000007559545,0.0023240419977810234,6.6420000075595455e-06,2.3240419977810236e-06,,,,9360
noise_sweep,sigma=1,26,2278584700,64,128,257,1.0,,gaussian,1000,1000,0,1.0,0.0,8.032,8.6,5.98922756679414,2.3207991034723818e-05,0.006233250009245239,0.0022037909948267043,6.233250009245239e-06,2.2037909948267043e-06,,,,9360
noise_sweep,sigma=1,27,318067502,64,128,257,1.0,,gaussian,1000,1000,0,1.0,0.0,2.003,4.813,5.651985132317312,2.649999805726111e-05,0.0063619169959565625,0.00229483399016317,6.361916995956563e-06,2.2948339901631698e-06,,,,9360
noise_sweep,sigma=1,28,2876957614,64,128,257,1.0,,gaussian,1000,1000,0,1.0,0.0,5.812,6.806,5.955680156466273,2.370901347603649e-05,0.006412165996152908,0.0022847920045023784,6.412165996152907e-06,2.2847920045023786e-06,,,,9360
noise_sweep,sigma=1,29,2493311973,64,128,257,1.0,,gaussian,1000,1000,0,1.0,0.0,6.077,6.865,5.558414069405676,2.3208005586639047e-05,0.006486041005700827,0.002342417006730102,6.486041005700826e-06,2.342417006730102e-06,,,,9360
noise_sweep,sigma=2,0,3462191304,64,128,257,2.0,,gaussian,1000,1000,0,1.0,0.0,4.576,9.728,10.974546216799338,2.300000051036477e-05,0.006440249999286607,0.002189416001783684,6.440249999286607e-06,2.189416001783684e-06,,,,9360
noise_sweep,sigma=2,1,355930449,64,128,257,2.0,,gaussian,1000,1000,0,1.0,0.0,20.532,20.914,12.009463068897094,2.487500023562461e-05,0.00638762500602752,0.0021846250019734725,6.38762500602752e-06,2.1846250019734727e-06,,,,9360
noise_sweep,sigma=2,2,1392571403,64,128,257,2.0,,gaussian,1000,1000,0,1.0,0.0,15.464,16.454,11.684401106998562,2.341700019314885e-05,0.006384583000908606,0.0023097079974832013,6.3845830009086055e-06,2.309707997483201e-06,,,,9360
noise_sweep,sigma=2,3,2315519164,64,128,257,2.0,,gaussian,1000,1000,0,1.0,0.0,-4.529,9.093,10.390337728780432,2.5583009119145572e-05,0.006537374996696599,0.002233291990705766,6.537374996696599e-06,2.233291990705766e-06,,,,9360
noise_sweep,sigma=2,4,566556172,64,128,257,2.0,,gaussian,1000,1000,0,1.0,0.0,19.081,19.349,10.901159308728328,2.4708002456463873e-05,0.00637079200532753,0.0023032909957692027,6.3707920053275304e-06,2.3032909957692026e-06,,,,9360
noise_sweep,sigma=2,5,3654024957,64,128,257,2.0,,gaussian,1000,1000,0,1.0,0.0,-6.518,10.31,11.089032538623135,2.5959001504816115e-05,0.006517292000353336,0.0023206249898066744,6.5172920003533364e-06,2.3206249898066746e-06,,,,9360
noise_sweep,sigma=2,6,1054548158,64,128,257,2.0,,gaussian,1000,1000,0,1.0,0.0,8.06,11.514,11.862593355633544,2.62079993262887e-05,0.006499084003735334,0.0023227919882629067,6.499084003735334e-06,2.3227919882629065e-06,,,,9360
noise_sweep,sigma=2,7,1240370492,64,128,257,2.0,,gaussian,1000,1000,0,1.0,0.0,1.667,9.291,11.389021943117891,2.5707995519042015e-05,0.00636500000837259,0.0022228750021895394,6.3650000083725895e-06,2.2228750021895394e-06,,,,9360
noise_sweep,sigma=2,8,1670843171,64,128,257,2.0,,gaussian,1000,1000,0,1.0,0.0,0.496,8.148,10.273925128087003,2.533300721552223e-05,0.0064974999986588955,0.002304541994817555,6.497499998658895e-06,2.304541994817555e-06,,,,9360
noise_sweep,sigma=2,9,355386452,64,128,257,2.0,,gaussian,1000,1000,0,1.0,0.0,9.351,11.773,10.8979155604897,2.6583002181723714e-05,0.006567791002453305,0.00230583299708087,6.567791002453305e-06,2.30583299708087e-06,,,,9360
noise_sweep,sigma=2,10,750277420,64,128,257,2.0,,gaussian,1000,1000,0,1.0,0.0,3.336,9.502,11.484380479372625,2.6417008484713733e-05,0.00661229201068636,0.0023827080003684387,6.61229201068636e-06,2.3827080003684385e-06,,,,9360
noise_sweep,sigma=2,11,1376451514,64,128,257,2.0,,gaussian,1000,1000,0,1.0,0.0,6.769,10.763,11.452283344110633,2.562500594649464e-05,0.006607542003621347,0.002326250003534369,6.607542003621348e-06,2.326250003534369e-06,,,,9360
noise_sweep,sigma=2,12,887901835,64,128,257,2.0,,gaussian,1000,1000,0,1.0,0.0,-14.008,15.284,11.425080676672199,2.3459011572413146e-05,0.006654915996477939,0.0022592500026803464,6.654915996477939e-06,2.2592500026803464e-06,,,,9360
noise_sweep,sigma=2,13,1823210152,64,128,257,2.0,,gaussian,1000,1000,0,1.0,0.0,9.188,12.414,12.30032332721193,2.391599991824478e-05,0.006219499991857447,0.0022212089970707893,6.219499991857446e-06,2.2212089970707894e-06,,,,9360
noise_sweep,sigma=2,14,2750823699,64,128,257,2.0,,gaussian,1000,1000,0,1.0,0.0,-14.438,15.466,10.780648328295399,2.2958003683015704e-05,0.006373375013936311,0.00221445900388062,6.373375013936311e-06,2.21445900388062e-06,,,,9360
noise_sweep,sigma=2,15,2629231259,64,128,257,2.0,,gaussian,1000,1000,0,1.0,0.0,-2.717,8.867,10.879488695443102,2.3957996745593846e-05,0.006416832999093458,0.0023171670036390424,6.416832999093458e-06,2.317167003639042e-06,,,,9360
noise_sweep,sigma=2,16,3735083654,64,128,257,2.0,,gaussian,1000,1000,0,1.0,0.0,3.689,9.791,11.554123799612706,2.5917004677467048e-05,0.006633624987443909,0.0023516670044045895,6.633624987443909e-06,2.3516670044045895e-06,,,,9360
noise_sweep,sigma=2,17,650824254,64,128,257,2.0,,gaussian,1000,1000,0,1.0,0.0,7.351,11.677,12.310212847077029,2.55839986493811e-05,0.0066388340055709705,0.0023301250039367005,6.638834005570971e-06,2.3301250039367004e-06,,,,9360
noise_sweep,sigma=2,18,2750944243,64,128,257,2.0,,gaussian,1000,1000,0,1.0,0.0,0.211,9.601,12.019773456848258,2.562500594649464e-05,0.0066971670021303,0.0023693749972153455,6.6971670021302995e-06,2.3693749972153454e-06,,,,9360
noise_sweep,sigma=2,19,17013926,64,128,257,2.0,,gaussian,1000,1000,0,1.0,0.0,1.568,8.538,10.471151847863778,2.433398913126439e-05,0.006674457996268757,0.0023531659971922636,6.674457996268757e-06,2.3531659971922638e-06,,,,9360
noise_sweep,sigma=2,20,17837961,64,128,257,2.0,,gaussian,1000,1000,0,1.0,0.0,16.259,16.897,10.515821484862773,2.5667002773843706e-05,0.0067191659909440205,0.002355332995648496,6.71916599094402e-06,2.3553329956484957e-06,,,,9360
noise_sweep,sigma=2,21,3621010963,64,128,257,2.0,,gaussian,1000,1000,0,1.0,0.0,-12.667,13.803,10.733000899483253,2.2957989131100476e-05,0.006783625009120442,0.0024105000047711655,6.783625009120442e-06,2.4105000047711655e-06,,,,9360
noise_sweep,sigma=2,22,1613418107,64,128,257,2.0,,gaussian,1000,1000,0,1.0,0.0,4.7,10.422,12.12877187134407,2.5582994567230344e-05,0.006681958999251947,0.0023816249886294827,6.681958999251947e-06,2.3816249886294825e-06,,,,9360
noise_sweep,sigma=2,23,1954593736,64,128,257,2.0,,gaussian,1000,1000,0,1.0,0.0,8.753,11.495,11.134988952800043,2.516699896659702e-05,0.00671883299946785,0.002381083002546802,6.71883299946785e-06,2.381083002546802e-06,,,,9360
noise_sweep,sigma=2,24,3743820751,64,128,257,2.0,,gaussian,1000,1000,0,1.0,0.0,-9.732,12.112,11.26201620532527,2.5417000870220363e-05,0.0067260420037200674,0.002425832994049415,6.7260420037200674e-06,2.425832994049415e-06,,,,9360
noise_sweep,sigma=2,25,2463724703,64,128,257,2.0,,gaussian,1000,1000,0,1.0,0.0,6.485,10.257,10.975072994163968,2.5374989490956068e-05,0.006638207996729761,0.002164416990126483,6.638207996729761e-06,2.164416990126483e-06,,,,9360
noise_sweep,sigma=2,26,2968748555,64,128,257,2.0,,gaussian,1000,1000,0,1.0,0.0,-11.92,13.4,10.633281086601006,2.387500717304647e-05,0.006202834003488533,0.002310832991497591,6.202834003488533e-06,2.310832991497591e-06,,,,9360
noise_sweep,sigma=2,27,3441678252,64,128,257,2.0,,gaussian,1000,1000,0,1.0,0.0,19.24,19.768,11.784450486691066,2.3209009668789804e-05,0.006330415999400429,0.0021932499948889017,6.3304159994004294e-06,2.1932499948889017e-06,,,,9360
noise_sweep,sigma=2,28,2823873551,64,128,257,2.0,,gaussian,1000,1000,0,1.0,0.0,-2.763,9.681,11.866492516520822,2.608299837447703e-05,0.006589917000383139,0.002332874995772727,6.5899170003831385e-06,2.3328749957727267e-06,,,,9360
noise_sweep,sigma=2,29,3278121065,64,128,257,2.0,,gaussian,1000,1000,0,1.0,0.0,11.783,14.247,12.84425497589821,2.5749992346391082e-05,0.006373167008860037,0.002184334007324651,6.373167008860037e-06,2.184334007324651e-06,,,,9360
noise_sweep,sigma=3,0,546148973,64,128,257,3.0,,gaussian,1000,982,18,0.982,0.018,-27.842,28.582,17.2327015294179,2.3917004000395536e-05,0.006367957990732975,0.002284749993123114,6.367957990732975e-06,2.284749993123114e-06,,,,9360
noise_sweep,sigma=3,1,3701978620,64,128,257,3.0,,gaussian,1000,1000,0,1.0,0.0,-9.794,15.324,16.603108962698137,2.5457993615418673e-05,0.006330334013910033,0.0022807920031482354,6.3303340139100325e-06,2.2807920031482356e-06,,,,9360
noise_sweep,sigma=3,2,1777582006,64,128,257,3.0,,gaussian,1000,999,1,0.999,0.001,19.508,22.094,17.015800700333603,2.4374996428377926e-05,0.006478707990027033,0.0022908329992787912,6.478707990027033e-06,2.2908329992787913e-06,,,,9360
noise_sweep,sigma=3,3,1382769172,64,128,257,3.0,,gaussian,1000,1000,0,1.0,0.0,1.674,14.636,18.177572669312813,2.3665998014621437e-05,0.006282999995164573,0.0022438330051954836,6.282999995164573e-06,2.2438330051954835e-06,,,,9360
noise_sweep,sigma=3,4,708306737,64,128,257,3.0,,gaussian,1000,1000,0,1.0,0.0,-2.673,13.835,17.19889161756864,2.5999994250014424e-05,0.006458375006332062,0.002369624999118969,6.458375006332062e-06,2.369624999118969e-06,,,,9360
noise_sweep,sigma=3,5,832341268,64,128,257,3.0,,gaussian,1000,1000,0,1.0,0.0,4.713,14.709,17.677475049455566,2.300000051036477e-05,0.006479124989709817,0.0023119169927667826,6.479124989709817e-06,2.3119169927667826e-06,,,,9360
noise_sweep,sigma=3,6,660952881,64,128,257,3.0,,gaussian,1000,1000,0,1.0,0.0,4.357,13.553,16.52066837278333,2.3999993572942913e-05,0.006498875009128824,0.0022966249962337315,6.4988750091288236e-06,2.2966249962337313e-06,,,,9360
noise_sweep,sigma=3,7,54561469,64,128,257,3.0,,gaussian,1000,1000,0,1.0,0.0,4.295,13.703,16.629507374408764,3.2208001357503235e-05,0.006529959006002173,0.0023061249958118424,6.5299590060021725e-06,2.3061249958118425e-06,,,,9360
noise_sweep,sigma=3,8,1195321404,64,128,257,3.0,,gaussian,1000,1000,0,1.0,0.0,-5.139,14.555,17.534855293105505,2.6749999960884452e-05,0.006563791001099162,0.0021857500105397776,6.563791001099162e-06,2.1857500105397777e-06,,,,9360
noise_sweep,sigma=3,9,1701052081,64,128,257,3.0,,gaussian,1000,1000,0,1.0,0.0,-1.231,13.723,16.947237174473244,2.4666995159350336e-05,0.006297375002759509,0.002302624998264946,6.297375002759509e-06,2.302624998264946e-06,,,,9360
noise_sweep,sigma=3,10,4061777461,64,128,257,3.0,,gaussian,1000,1000,0,1.0,0.0,-10.155,14.613,15.061069378062461,2.5417000870220363e-05,0.006481500007794239,0.00233666600252036,6.4815000077942385e-06,2.33666600252036e-06,,,,9360
noise_sweep,sigma=3,11,2604919733,64,128,257,3.0,,gaussian,1000,996,4,0.996,0.004,-16.401,20.433,18.792055245245006,2.5165994884446263e-05,0.006518916998174973,0.0023096660006558523,6.518916998174973e-06,2.309666000655852e-06,,,,9360
noise_sweep,sigma=3,12,3264271372,64,128,257,3.0,,gaussian,1000,992,8,0.992,0.008,21.288,22.978,17.365270185304016,2.5209010345861316e-05,0.006475374990259297,0.0022482920030597597,6.475374990259297e-06,2.24829200305976e-06,,,,9360
noise_sweep,sigma=3,13,2433174697,64,128,257,3.0,,gaussian,1000,988,12,0.988,0.012,26.875,27.417,15.765656692029385,2.6374997105449438e-05,0.006411416994524188,0.0022632920008618385,6.411416994524189e-06,2.2632920008618384e-06,,,,9360
noise_sweep,sigma=3,14,3438986270,64,128,257,3.0,,gaussian,1000,952,48,0.952,0.048,-35.343,35.609,17.380489994025844,2.6124995201826096e-05,0.006362041996908374,0.002250958001241088,6.362041996908374e-06,2.2509580012410877e-06,,,,9360
noise_sweep,sigma=3,15,3774486919,64,128,257,3.0,,gaussian,1000,1000,0,1.0,0.0,5.869,13.145,15.376940179674541,2.5708999601192772e-05,0.006451041990658268,0.0023126249870983884,6.451041990658268e-06,2.312624987098388e-06,,,,9360
noise_sweep,sigma=3,16,3858700432,64,128,257,3.0,,gaussian,1000,1000,0,1.0,0.0,2.502,13.214,16.131528824702954,2.5707995519042015e-05,0.006310249998932704,0.0024740829976508394,6.310249998932704e-06,2.4740829976508396e-06,,,,9360
noise_sweep,sigma=3,17,3555280824,64,128,257,3.0,,gaussian,1000,998,2,0.998,0.002,-12.981,17.831,17.748116368635703,3.8124999264255166e-05,0.0070755420019850135,0.0026739579916466027,7.075542001985013e-06,2.673957991646603e-06,,,,9360
noise_sweep,sigma=3,18,2982135500,64,128,257,3.0,,gaussian,1000,997,3,0.997,0.003,-23.824,24.606,15.4205323130175,4.4208994950167835e-05,0.006974292002269067,0.0025434159906581044,6.974292002269067e-06,2.5434159906581042e-06,,,,9360
noise_sweep,sigma=3,19,2132602828,64,128,257,3.0,,gaussian,1000,1000,0,1.0,0.0,1.747,13.581,16.696039912169255,4.104200343135744e-05,0.00721008398977574,0.002292374992975965,7.21008398977574e-06,2.292374992975965e-06,,,,9360
noise_sweep,sigma=3,20,734313320,64,128,257,3.0,,gaussian,1000,1000,0,1.0,0.0,15.497,18.045,15.503107344572484,3.679200017359108e-05,0.00671791700005997,0.0023527919984189793,6.7179170000599694e-06,2.3527919984189795e-06,,,,9360
noise_sweep,sigma=3,21,526953953,64,128,257,3.0,,gaussian,1000,998,2,0.998,0.002,-15.894,19.058,16.7265220694722,3.329200262669474e-05,0.006625624999287538,0.002338958001928404,6.625624999287538e-06,2.338958001928404e-06,,,,9360
noise_sweep,sigma=3,22,4031498068,64,128,257,3.0,,gaussian,1000,993,7,0.993,0.007,24.373,25.313,16.77460158269812,2.9666000045835972e-05,0.006610958997043781,0.0023168749903561547,6.610958997043781e-06,2.316874990356155e-06,,,,9360
noise_sweep,sigma=3,23,2149960132,64,128,257,3.0,,gaussian,1000,1000,0,1.0,0.0,5.52,13.992,16.4284355156994,2.516699896659702e-05,0.006797833004384302,0.0025003750051837415,6.797833004384302e-06,2.5003750051837414e-06,,,,9360
noise_sweep,sigma=3,24,3479255242,64,128,257,3.0,,gaussian,1000,1000,0,1.0,0.0,2.509,13.213,16.54538209497347,2.4958004360087216e-05,0.006767041995772161,0.0024119169975165278,6.767041995772161e-06,2.4119169975165278e-06,,,,9360
noise_sweep,sigma=3,25,3949162680,64,128,257,3.0,,gaussian,1000,993,7,0.993,0.007,27.709,28.217,15.97784749616201,2.6833004085347056e-05,0.006481124990386888,0.0022785420005675405,6.481124990386888e-06,2.2785420005675406e-06,,,,9360
noise_sweep,sigma=3,26,326694568,64,128,257,3.0,,gaussian,1000,999,1,0.999,0.001,12.135,16.631,16.572369125095495,2.7250003768131137e-05,0.006600124994292855,0.0022375420085154474,6.600124994292855e-06,2.237542008515447e-06,,,,9360
noise_sweep,sigma=3,27,3783246900,64,128,257,3.0,,gaussian,1000,1000,0,1.0,0.0,-10.579,15.955,16.566357571995216,2.9000002541579306e-05,0.006307083007413894,0.0022931660059839487,6.307083007413894e-06,2.2931660059839488e-06,,,,9360
noise_sweep,sigma=3,28,1214497022,64,128,257,3.0,,gaussian,1000,1000,0,1.0,0.0,9.05,16.122,17.94752388530556,2.745899837464094e-05,0.006418665987439454,0.0023187499900814146,6.418665987439454e-06,2.3187499900814145e-06,,,,9360
noise_sweep,sigma=3,29,2895132627,64,128,257,3.0,,gaussian,1000,992,8,0.992,0.008,24.558,25.646,16.873688315165637,2.5666988221928477e-05,0.006476833004853688,0.0023090000031515956,6.476833004853688e-06,2.3090000031515956e-06,,,,9360
noise_sweep,sigma=4,0,1971282770,64,128,257,4.0,,gaussian,1000,969,31,0.969,0.031,-22.687,25.997,21.845188102720545,2.4708002456463873e-05,0.006712959002470598,0.002270625001983717,6.712959002470598e-06,2.2706250019837172e-06,,,,9360
noise_sweep,sigma=4,1,2829978602,64,128,257,4.0,,gaussian,1000,971,29,0.971,0.029,22.47,26.426,22.918253562310248,3.200001083314419e-05,0.006701167003484443,0.0023927080037537962,6.701167003484443e-06,2.392708003753796e-06,,,,9360
noise_sweep,sigma=4,2,2101915529,64,128,257,4.0,,gaussian,1000,949,51,0.949,0.051,-22.608,27.004,24.480965129129483,3.1916992156766355e-05,0.0068787920026807114,0.002470584004186094,6.878792002680712e-06,2.4705840041860937e-06,,,,9360
noise_sweep,sigma=4,3,3560665836,64,128,257,4.0,,gaussian,1000,943,57,0.943,0.057,30.926,32.528,21.5765630273237,3.254201146773994e-05,0.006864082999527454,0.002441292002913542,6.864082999527454e-06,2.4412920029135422e-06,,,,9360
noise_sweep,sigma=4,4,4054360734,64,128,257,4.0,,gaussian,1000,850,150,0.85,0.15,-40.827,41.347,22.3531817810292,3.7250007153488696e-05,0.0065051249985117465,0.0023587090108776465,6.505124998511747e-06,2.3587090108776467e-06,,,,9360
noise_sweep,sigma=4,5,2950807503,64,128,257,4.0,,gaussian,1000,999,1,0.999,0.001,-5.16,18.23,22.119259970931704,2.808299905154854e-05,0.006590709002921358,0.0023272920079762116,6.590709002921358e-06,2.3272920079762115e-06,,,,9360
noise_sweep,sigma=4,6,1773944818,64,128,257,4.0,,gaussian,1000,899,101,0.899,0.101,-35.146,35.986,21.970375085131828,2.516699896659702e-05,0.00657491700258106,0.002393541988567449,6.57491700258106e-06,2.3935419885674493e-06,,,,9360
noise_sweep,sigma=4,7,2680887880,64,128,257,4.0,,gaussian,1000,934,66,0.934,0.066,29.273,31.847,23.557661905088,2.6374997105449438e-05,0.0067468750057742,0.002392124995822087,6.7468750057741996e-06,2.392124995822087e-06,,,,9360
noise_sweep,sigma=4,8,711552050,64,128,257,4.0,,gaussian,1000,997,3,0.997,0.003,7.179,19.187,22.628721086663692,2.6291003450751305e-05,0.006762584001990035,0.0024582500045653433,6.762584001990035e-06,2.4582500045653434e-06,,,,9360
noise_sweep,sigma=4,9,1725552889,64,128,257,4.0,,gaussian,1000,758,242,0.758,0.242,-48.699,48.789,21.51588558094536,3.537499287631363e-05,0.0063407499983441085,0.0022992919984972104,6.340749998344108e-06,2.2992919984972106e-06,,,,9360
noise_sweep,sigma=4,10,3193431521,64,128,257,4.0,,gaussian,1000,884,116,0.884,0.116,-38.2,38.914,22.018828961341903,2.633400436025113e-05,0.006638124992605299,0.0023659580037929118,6.638124992605299e-06,2.365958003792912e-06,,,,9360
noise_sweep,sigma=4,11,1715868478,64,128,257,4.0,,gaussian,1000,935,65,0.935,0.065,33.16,34.524,21.21712908398699,2.6833993615582585e-05,0.006654083001194522,0.002365499996813014,6.654083001194522e-06,2.365499996813014e-06,,,,9360
noise_sweep,sigma=4,12,4280688365,64,128,257,4.0,,gaussian,1000,981,19,0.981,0.019,-15.871,22.591,23.335657520453797,2.662499900907278e-05,0.006638291000854224,0.002390416993875988,6.638291000854224e-06,2.3904169938759876e-06,,,,9360
noise_sweep,sigma=4,13,2088829588,64,128,257,4.0,,gaussian,1000,985,15,0.985,0.015,-14.839,22.267,23.031881090057464,2.604199107736349e-05,0.006683250001515262,0.0023781670024618506,6.683250001515262e-06,2.3781670024618505e-06,,,,9360
noise_sweep,sigma=4,14,3784595463,64,128,257,4.0,,gaussian,1000,990,10,0.99,0.01,7.622,20.192,23.819666086922638,2.5666988221928477e-05,0.006647999995038845,0.0023103329876903445,6.647999995038845e-06,2.3103329876903446e-06,,,,9360
noise_sweep,sigma=4,15,3787001078,64,128,257,4.0,,gaussian,1000,850,150,0.85,0.15,39.917,40.691,23.445208226603338,2.6708003133535385e-05,0.006569999997736886,0.0023566250019939616,6.569999997736886e-06,2.356625001993962e-06,,,,9360
noise_sweep,sigma=4,16,1000350447,64,128,257,4.0,,gaussian,1000,971,29,0.971,0.029,-23.018,26.556,22.29032378711746,2.37500062212348e-05,0.006732416004524566,0.0023974170035216957,6.732416004524566e-06,2.3974170035216957e-06,,,,9360
noise_sweep,sigma=4,17,2755336791,64,128,257,4.0,,gaussian,1000,953,47,0.953,0.047,26.186,29.348,22.905240755208272,2.5917004677467048e-05,0.006736499999533407,0.002362041996093467,6.7364999995334075e-06,2.362041996093467e-06,,,,9360
noise_sweep,sigma=4,18,4079592837,64,128,257,4.0,,gaussian,1000,989,11,0.989,0.011,16.695,21.865,20.848276322651365,2.5832996470853686e-05,0.006688542009214871,0.0021365830034483224,6.688542009214871e-06,2.1365830034483225e-06,,,,9360
noise_sweep,sigma=4,19,3545344921,64,128,257,4.0,,gaussian,1000,992,8,0.992,0.008,-7.401,17.707,21.01360918002357,2.9584000003524125e-05,0.00633583300805185,0.0022731670032953843,6.33583300805185e-06,2.2731670032953845e-06,,,,9360
noise_sweep,sigma=4,20,2093497661,64,128,257,4.0,,gaussian,1000,817,183,0.817,0.183,40.259,41.605,26.007004504234686,2.6708992663770914e-05,0.006405249994713813,0.0022499589977087453,6.405249994713813e-06,2.2499589977087454e-06,,,,9360
noise_sweep,sigma=4,21,2158998016,64,128,257,4.0,,gaussian,1000,995,5,0.995,0.005,11.529,18.687,20.265879326218858,2.6958005037158728e-05,0.00644070899579674,0.0022787079942645505,6.44070899579674e-06,2.2787079942645507e-06,,,,9360
noise_sweep,sigma=4,22,3415313671,64,128,257,4.0,,gaussian,1000,992,8,0.992,0.008,13.147,21.221,22.774988278615886,2.5999994250014424e-05,0.006510584003990516,0.0023061249958118424,6.510584003990516e-06,2.3061249958118425e-06,,,,9360
noise_sweep,sigma=4,23,2304101488,64,128,257,4.0,,gaussian,1000,946,54,0.946,0.054,-29.304,30.888,21.348051979591094,2.6542009436525404e-05,0.006479832998593338,0.002314499986823648,6.479832998593338e-06,2.3144999868236483e-06,,,,9360
noise_sweep,sigma=4,24,2328051962,64,128,257,4.0,,gaussian,1000,994,6,0.994,0.006,13.396,19.514,20.280149616520795,2.562500594649464e-05,0.006365749999531545,0.0022611660097027197,6.365749999531545e-06,2.2611660097027196e-06,,,,9360
noise_sweep,sigma=4,25,3001292889,64,128,257,4.0,,gaussian,1000,990,10,0.99,0.01,17.198,21.974,21.269301332652635,2.6083012926392257e-05,0.006596166989766061,0.002317874997970648,6.596166989766061e-06,2.317874997970648e-06,,,,9360
noise_sweep,sigma=4,26,4241116582,64,128,257,4.0,,gaussian,1000,975,25,0.975,0.025,16.534,23.592,24.068654805454837,2.5917004677467048e-05,0.006733250003890134,0.0023934170021675527,6.733250003890135e-06,2.3934170021675527e-06,,,,9360
noise_sweep,sigma=4,27,2983182397,64,128,257,4.0,,gaussian,1000,913,87,0.913,0.087,32.144,33.864,23.30069068045379,2.591600059531629e-05,0.006724542006850243,0.002381208003498614,6.724542006850242e-06,2.3812080034986137e-06,,,,9360
noise_sweep,sigma=4,28,2163240446,64,128,257,4.0,,gaussian,1000,996,4,0.996,0.004,8.352,18.798,21.806825391001638,2.545899769756943e-05,0.0067202909995103255,0.002404124999884516,6.720290999510325e-06,2.404124999884516e-06,,,,9360
noise_sweep,sigma=4,29,942631319,64,128,257,4.0,,gaussian,1000,987,13,0.987,0.013,9.071,21.397,25.01010724616079,2.5542001822032034e-05,0.0077082079951651394,0.002553458994952962,7.70820799516514e-06,2.553458994952962e-06,,,,9360
noise_sweep,sigma=5,0,1244947504,64,128,257,5.0,,gaussian,1000,966,34,0.966,0.034,3.671,24.525,30.25475349608899,3.854099486488849e-05,0.007059291994664818,0.002553708996856585,7.059291994664818e-06,2.553708996856585e-06,,,,9360
noise_sweep,sigma=5,1,3981154375,64,128,257,5.0,,gaussian,1000,965,35,0.965,0.035,16.462,25.732,27.340264191226204,4.391599213704467e-05,0.007203041997854598,0.0023175000096671283,7.203041997854598e-06,2.3175000096671284e-06,,,,9360
noise_sweep,sigma=5,2,3602508288,64,128,257,5.0,,gaussian,1000,819,181,0.819,0.181,38.012,40.288,28.497086516693948,3.3042000723071396e-05,0.0065299169946229085,0.0023630409996258095,6.529916994622908e-06,2.3630409996258094e-06,,,,9360
noise_sweep,sigma=5,3,964966119,64,128,257,5.0,,gaussian,1000,925,75,0.925,0.075,19.703,28.555,29.772591392053837,2.8582988306879997e-05,0.006563833012478426,0.0023227499914355576,6.563833012478426e-06,2.3227499914355575e-06,,,,9360
noise_sweep,sigma=5,4,1537330157,64,128,257,5.0,,gaussian,1000,957,43,0.957,0.043,20.424,27.468,26.470377876126076,2.7124988264404237e-05,0.006594833001145162,0.0023468750005122274,6.594833001145162e-06,2.3468750005122274e-06,,,,9360
noise_sweep,sigma=5,5,2826837045,64,128,257,5.0,,gaussian,1000,984,16,0.984,0.016,-0.33,22.998,28.304491591340135,2.3791988496668637e-05,0.00663470801373478,0.002348707988858223,6.63470801373478e-06,2.348707988858223e-06,,,,9360
noise_sweep,sigma=5,6,2741124762,64,128,257,5.0,,gaussian,1000,944,56,0.944,0.056,-14.963,27.501,30.94147711415869,2.6209003408439457e-05,0.006573167003807612,0.0022515000018756837,6.573167003807612e-06,2.2515000018756837e-06,,,,9360
noise_sweep,sigma=5,7,1556303132,64,128,257,5.0,,gaussian,1000,948,52,0.948,0.052,-20.128,26.862,26.649123658983456,3.229199501220137e-05,0.0065570830047363415,0.0023901659878902137,6.557083004736342e-06,2.390165987890214e-06,,,,9360
noise_sweep,sigma=5,8,3026058736,64,128,257,5.0,,gaussian,1000,951,49,0.951,0.049,15.941,27.011,29.464175818384206,2.8167007258161902e-05,0.0066946250008186325,0.0023838339984649792,6.694625000818632e-06,2.3838339984649794e-06,,,,9360
noise_sweep,sigma=5,9,1209038959,64,128,257,5.0,,gaussian,1000,896,104,0.896,0.104,29.707,33.719,27.414534606804978,2.6749999960884452e-05,0.00671116600278765,0.0023792499996488914,6.7111660027876495e-06,2.3792499996488914e-06,,,,9360
noise_sweep,sigma=5,10,3851034548,64,128,257,5.0,,gaussian,1000,742,258,0.742,0.258,45.024,47.186,29.20990658394242,2.3708009393885732e-05,0.006712583999615163,0.002457292008330114,6.712583999615163e-06,2.457292008330114e-06,,,,9360
noise_sweep,sigma=5,11,4265873159,64,128,257,5.0,,gaussian,1000,432,568,0.432,0.568,65.303,69.647,36.649261375358705,2.591699012555182e-05,0.007037584000499919,0.002462792006554082,7.0375840004999194e-06,2.462792006554082e-06,,,,9360
noise_sweep,sigma=5,12,1164670435,64,128,257,5.0,,gaussian,1000,924,76,0.924,0.076,-27.592,31.546,26.865093881638852,2.8959009796380997e-05,0.006564208000781946,0.002289124997332692,6.564208000781946e-06,2.2891249973326923e-06,,,,9360
noise_sweep,sigma=5,13,2918562790,64,128,257,5.0,,gaussian,1000,978,22,0.978,0.022,2.954,23.55,29.36188011698168,2.5542001822032034e-05,0.006496582995168865,0.0022861250035930425,6.4965829951688645e-06,2.2861250035930427e-06,,,,9360
noise_sweep,sigma=5,14,2385052300,64,128,257,5.0,,gaussian,1000,847,153,0.847,0.153,-31.498,37.032,32.28470687954744,2.737499016802758e-05,0.006574458995601162,0.002387582993833348,6.574458995601162e-06,2.387582993833348e-06,,,,9360
noise_sweep,sigma=5,15,1217018924,64,128,257,5.0,,gaussian,1000,896,104,0.896,0.104,27.271,31.923,28.142593422862873,2.7415997465141118e-05,0.006706749991280958,0.0023940829996718094,6.706749991280958e-06,2.3940829996718093e-06,,,,9360
noise_sweep,sigma=5,16,2707161363,64,128,257,5.0,,gaussian,1000,933,67,0.933,0.067,20.935,29.153,29.234284982164663,2.6583002181723714e-05,0.00673041699337773,0.0023954170028446242,6.73041699337773e-06,2.3954170028446244e-06,,,,9360
noise_sweep,sigma=5,17,3123253068,64,128,257,5.0,,gaussian,1000,940,60,0.94,0.06,-18.671,26.397,27.32829293231823,2.5917004677467048e-05,0.006742457990185358,0.002411416993709281,6.742457990185358e-06,2.4114169937092813e-06,,,,9360
noise_sweep,sigma=5,18,2182746300,64,128,257,5.0,,gaussian,1000,842,158,0.842,0.158,-38.883,40.375,24.958971558565093,2.55839986493811e-05,0.006729291009833105,0.0024279170029331,6.729291009833105e-06,2.4279170029330997e-06,,,,9360
noise_sweep,sigma=5,19,3232611617,64,128,257,5.0,,gaussian,1000,317,683,0.317,0.683,-64.038,77.956,52.667242137731066,2.5749992346391082e-05,0.006323166002403013,0.0022092080034781247,6.323166002403013e-06,2.2092080034781246e-06,,,,9360
noise_sweep,sigma=5,20,4078139883,64,128,257,5.0,,gaussian,1000,977,23,0.977,0.023,-8.824,22.64,27.051262351224846,2.679199678823352e-05,0.006384042004356161,0.002301333996001631,6.384042004356161e-06,2.301333996001631e-06,,,,9360
noise_sweep,sigma=5,21,1558508367,64,128,257,5.0,,gaussian,1000,908,92,0.908,0.092,25.696,30.752,27.993199231299077,2.3625005269423127e-05,0.006468624997069128,0.0022787080088164657,6.468624997069128e-06,2.2787080088164658e-06,,,,9360
noise_sweep,sigma=5,22,1551547714,64,128,257,5.0,,gaussian,1000,704,296,0.704,0.296,-47.354,50.78,33.9103021601488,2.6249996153637767e-05,0.006491166990599595,0.0023135829978855327,6.491166990599595e-06,2.3135829978855325e-06,,,,9360
noise_sweep,sigma=5,23,4007911713,64,128,257,5.0,,gaussian,1000,987,13,0.987,0.013,-7.432,21.592,26.259225482160033,2.4833003408275545e-05,0.0064066250051837415,0.002340374994673766,6.4066250051837415e-06,2.3403749946737662e-06,,,,9360
noise_sweep,sigma=5,24,3405297208,64,128,257,5.0,,gaussian,1000,936,64,0.936,0.064,-14.641,28.329,31.920950268844848,2.6458001229912043e-05,0.00668108300305903,0.002393041009781882,6.6810830030590295e-06,2.3930410097818823e-06,,,,9360
noise_sweep,sigma=5,25,4163906930,64,128,257,5.0,,gaussian,1000,978,22,0.978,0.022,-0.622,21.982,27.7174922273891,2.3333996068686247e-05,0.006667917012237012,0.0023880419903434813,6.667917012237012e-06,2.3880419903434815e-06,,,,9360
noise_sweep,sigma=5,26,3273791435,64,128,257,5.0,,gaussian,1000,929,71,0.929,0.071,-21.168,28.95,28.987757175505422,2.5833011022768915e-05,0.006591124998521991,0.0022520420025102794,6.591124998521991e-06,2.2520420025102792e-06,,,,9360
noise_sweep,sigma=5,27,1139980940,64,128,257,5.0,,gaussian,1000,948,52,0.948,0.052,19.574,27.27,27.66919059365684,3.187499532941729e-05,0.006454458998632617,0.0022926249948795885,6.454458998632617e-06,2.2926249948795883e-06,,,,9360
noise_sweep,sigma=5,28,2446160719,64,128,257,5.0,,gaussian,1000,935,65,0.935,0.065,-21.849,28.211,27.459866045617254,2.8333000955171883e-05,0.006376334000378847,0.0022686250013066456,6.376334000378847e-06,2.2686250013066455e-06,,,,9360
noise_sweep,sigma=5,29,3138284146,64,128,257,5.0,,gaussian,1000,947,53,0.947,0.053,21.614,27.29,25.952081121068392,2.733399742282927e-05,0.0064677920017857105,0.002295999991474673,6.4677920017857105e-06,2.2959999914746732e-06,,,,9360
noise_sweep,sigma=6,0,1579326104,64,128,257,6.0,,gaussian,1000,937,63,0.937,0.063,5.334,27.682,34.09467540380596,2.3542001144960523e-05,0.006567374992300756,0.0023588749900227413,6.567374992300756e-06,2.3588749900227412e-06,,,,9360
noise_sweep,sigma=6,1,867155637,64,128,257,6.0,,gaussian,1000,362,638,0.362,0.638,-59.858,74.28,54.18861727560727,2.604199107736349e-05,0.0065845420031109825,0.0023446249979315326,6.584542003110983e-06,2.3446249979315324e-06,,,,9360
noise_sweep,sigma=6,2,3149565535,64,128,257,6.0,,gaussian,1000,955,45,0.955,0.045,-2.062,25.78,32.25778542802839,2.5708999601192772e-05,0.0067092500103171915,0.00229725000099279,6.709250010317192e-06,2.29725000099279e-06,,,,9360
noise_sweep,sigma=6,3,938103390,64,128,257,6.0,,gaussian,1000,947,53,0.947,0.053,-3.216,26.264,32.741248194492115,3.416700928937644e-05,0.006495334004284814,0.002336292003747076,6.495334004284814e-06,2.3362920037470757e-06,,,,9360
noise_sweep,sigma=6,4,4154154985,64,128,257,6.0,,gaussian,1000,960,40,0.96,0.04,2.157,24.785,31.02516578379416,3.254199691582471e-05,0.006381667000823654,0.0023690000089118257,6.381667000823654e-06,2.3690000089118256e-06,,,,9360
noise_sweep,sigma=6,5,3318484729,64,128,257,6.0,,gaussian,1000,793,207,0.793,0.207,-38.028,41.748,31.793994308266363,2.5832996470853686e-05,0.006550332996994257,0.0023914579942356795,6.550332996994257e-06,2.3914579942356795e-06,,,,9360
noise_sweep,sigma=6,6,3445201759,64,128,257,6.0,,gaussian,1000,858,142,0.858,0.142,26.067,34.727,34.28638311439495,3.037499845959246e-05,0.006424916005926207,0.0023077910009305924,6.424916005926206e-06,2.3077910009305925e-06,,,,9360
noise_sweep,sigma=6,7,4059670786,64,128,257,6.0,,gaussian,1000,933,67,0.933,0.067,6.053,27.903,34.72171926602697,2.7000001864507794e-05,0.006518833004520275,0.0022448749950854108,6.518833004520275e-06,2.244874995085411e-06,,,,9360
noise_sweep,sigma=6,8,3948644959,64,128,257,6.0,,gaussian,1000,938,62,0.938,0.062,-8.425,26.747,32.96587817917375,2.62079993262887e-05,0.006514583001262508,0.002395125004113652,6.514583001262508e-06,2.3951250041136517e-06,,,,9360
noise_sweep,sigma=6,9,2130178168,64,128,257,6.0,,gaussian,1000,871,129,0.871,0.129,29.188,35.24,30.78809124584638,2.7125002816319466e-05,0.006634374993154779,0.0023743329948047176,6.634374993154779e-06,2.3743329948047176e-06,,,,9360
noise_sweep,sigma=6,10,1576099644,64,128,257,6.0,,gaussian,1000,941,59,0.941,0.059,-8.076,27.99,33.755290602269206,2.6541994884610176e-05,0.006696874988847412,0.002413250011159107,6.696874988847412e-06,2.413250011159107e-06,,,,9360
noise_sweep,sigma=6,11,1348754144,64,128,257,6.0,,gaussian,1000,949,51,0.949,0.051,10.727,26.117,31.238795324617328,2.6166992029175162e-05,0.006375750002916902,0.002264124996145256,6.375750002916903e-06,2.2641249961452557e-06,,,,9360
noise_sweep,sigma=6,12,3114514191,64,128,257,6.0,,gaussian,1000,971,29,0.971,0.029,-5.7,23.138,28.636830621911848,2.6833004085347056e-05,0.006386209002812393,0.0023282079928321764,6.386209002812393e-06,2.328207992832176e-06,,,,9360
noise_sweep,sigma=6,13,1212498894,64,128,257,6.0,,gaussian,1000,370,630,0.37,0.63,62.562,76.358,52.9724290007003,2.645899076014757e-05,0.006278542001382448,0.002246666990686208,6.2785420013824476e-06,2.246666990686208e-06,,,,9360
noise_sweep,sigma=6,14,3015421684,64,128,257,6.0,,gaussian,1000,827,173,0.827,0.173,-27.991,36.851,35.51836811388544,2.5749992346391082e-05,0.006465375001425855,0.002322583008208312,6.4653750014258545e-06,2.3225830082083123e-06,,,,9360
noise_sweep,sigma=6,15,1949023623,64,128,257,6.0,,gaussian,1000,898,102,0.898,0.102,15.162,31.256,35.87004901608606,2.8458991437219083e-05,0.006384499996784143,0.0022809999936725944,6.384499996784143e-06,2.2809999936725943e-06,,,,9360
noise_sweep,sigma=6,16,990123646,64,128,257,6.0,,gaussian,1000,919,81,0.919,0.081,-13.288,28.126,32.67489410395548,2.7415997465141118e-05,0.00649824998981785,0.0022638329974142835,6.49824998981785e-06,2.2638329974142834e-06,,,,9360
noise_sweep,sigma=6,17,2749984508,64,128,257,6.0,,gaussian,1000,922,78,0.922,0.078,-10.378,29.166,35.26415569210011,3.258300421293825e-05,0.006298042004345916,0.0023227499914355576,6.298042004345916e-06,2.3227499914355575e-06,,,,9360
noise_sweep,sigma=6,18,646090092,64,128,257,6.0,,gaussian,1000,875,125,0.875,0.125,26.952,34.814,32.874221061652705,2.358399797230959e-05,0.006526750003104098,0.002184125012718141,6.526750003104098e-06,2.1841250127181413e-06,,,,9360
noise_sweep,sigma=6,19,3947030147,64,128,257,6.0,,gaussian,1000,911,89,0.911,0.089,-12.651,29.935,35.28697166617404,2.4499997380189598e-05,0.00643879099516198,0.002302375010913238,6.43879099516198e-06,2.302375010913238e-06,,,,9360
noise_sweep,sigma=6,20,1224050622,64,128,257,6.0,,gaussian,1000,963,37,0.963,0.037,-2.112,25.3,31.216436726857886,2.662499900907278e-05,0.006574041995918378,0.0023520839895354584,6.574041995918379e-06,2.3520839895354584e-06,,,,9360
noise_sweep,sigma=6,21,3210570039,64,128,257,6.0,,gaussian,1000,812,188,0.812,0.188,-34.17,39.148,32.2519967023949,2.3625005269423127e-05,0.0065907089883694425,0.002351582996197976,6.590708988369442e-06,2.3515829961979764e-06,,,,9360
noise_sweep,sigma=6,22,2411360303,64,128,257,6.0,,gaussian,1000,291,709,0.291,0.709,54.871,81.205,67.30805846058652,2.5792003725655377e-05,0.006642334003117867,0.0023309169919230044,6.642334003117867e-06,2.3309169919230045e-06,,,,9360
noise_sweep,sigma=6,23,3777683954,64,128,257,6.0,,gaussian,1000,939,61,0.939,0.061,-17.854,27.904,29.66527789710915,2.5582994567230344e-05,0.00661154200497549,0.002362166007515043,6.61154200497549e-06,2.362166007515043e-06,,,,9360
noise_sweep,sigma=6,24,3205552465,64,128,257,6.0,,gaussian,1000,322,678,0.322,0.678,50.299,78.927,68.43985397860381,2.3500004317611456e-05,0.006515250002848916,0.002324166998732835,6.515250002848916e-06,2.324166998732835e-06,,,,9360
noise_sweep,sigma=6,25,3259172760,64,128,257,6.0,,gaussian,1000,661,339,0.661,0.339,47.705,52.289,35.617082299811585,2.4124994524754584e-05,0.0066422499949112535,0.0023645409964956343,6.642249994911254e-06,2.364540996495634e-06,,,,9360
noise_sweep,sigma=6,26,2302980460,64,128,257,6.0,,gaussian,1000,862,138,0.862,0.138,25.622,35.502,34.978144413141564,2.8541995561681688e-05,0.006710000001476146,0.002391041998635046,6.7100000014761465e-06,2.391041998635046e-06,,,,9360
noise_sweep,sigma=6,27,1848521170,64,128,257,6.0,,gaussian,1000,892,108,0.892,0.108,15.978,31.316,35.72842056453148,2.3582993890158832e-05,0.006777709000743926,0.0022849999950267375,6.777709000743925e-06,2.2849999950267373e-06,,,,9360
noise_sweep,sigma=6,28,415236726,64,128,257,6.0,,gaussian,1000,683,317,0.683,0.317,46.702,50.236,34.22295145668191,2.4582986952736974e-05,0.006256334003410302,0.0022571669978788123,6.256334003410302e-06,2.257166997878812e-06,,,,9360
noise_sweep,sigma=6,29,4095049544,64,128,257,6.0,,gaussian,1000,927,73,0.927,0.073,-9.873,28.875,34.84105006697946,2.333299198653549e-05,0.006388042005710304,0.002368708999711089,6.3880420057103035e-06,2.368708999711089e-06,,,,9360
noise_sweep,sigma=8,0,2371490171,64,128,257,8.0,,gaussian,1000,526,474,0.526,0.474,-42.605,60.903,55.892351264998055,2.5583009119145572e-05,0.00665991599089466,0.0024524579930584878,6.65991599089466e-06,2.452457993058488e-06,,,,9360
noise_sweep,sigma=8,1,2607154595,64,128,257,8.0,,gaussian,1000,465,535,0.465,0.535,41.326,66.078,63.07874961231122,3.383400326129049e-05,0.006780833995435387,0.002340332997846417,6.780833995435387e-06,2.340332997846417e-06,,,,9360
noise_sweep,sigma=8,2,3878783975,64,128,257,8.0,,gaussian,1000,625,375,0.625,0.375,-34.737,53.917,53.604433270637855,3.166699025314301e-05,0.0066869580041384324,0.0024013750080484897,6.6869580041384325e-06,2.4013750080484896e-06,,,,9360
noise_sweep,sigma=8,3,1946492190,64,128,257,8.0,,gaussian,1000,665,335,0.665,0.335,33.888,51.06,50.53524777091003,3.912499232683331e-05,0.007092667001415975,0.002596833001007326,7.092667001415975e-06,2.596833001007326e-06,,,,9360
noise_sweep,sigma=8,4,179757481,64,128,257,8.0,,gaussian,1000,349,651,0.349,0.651,-41.789,76.635,72.91976255289624,3.925000783056021e-05,0.00685958300891798,0.002484583994373679,6.85958300891798e-06,2.4845839943736792e-06,,,,9360
noise_sweep,sigma=8,5,2914554753,64,128,257,8.0,,gaussian,1000,827,173,0.827,0.173,10.909,37.373,45.337801393927734,3.13749915221706e-05,0.006640292005613446,0.0023487919970648363,6.640292005613446e-06,2.3487919970648365e-06,,,,9360
noise_sweep,sigma=8,6,743681977,64,128,257,8.0,,gaussian,1000,770,230,0.77,0.23,-26.354,41.83,44.422539842359825,2.8833004762418568e-05,0.006585416995221749,0.0024272919981740415,6.5854169952217486e-06,2.4272919981740416e-06,,,,9360
noise_sweep,sigma=8,7,3236044222,64,128,257,8.0,,gaussian,1000,859,141,0.859,0.141,1.758,35.274,43.94080370487356,3.358299727551639e-05,0.006535209002322517,0.002360500002396293,6.535209002322517e-06,2.360500002396293e-06,,,,9360
noise_sweep,sigma=8,8,2917163502,64,128,257,8.0,,gaussian,1000,655,345,0.655,0.345,34.478,50.338,49.58881493408132,2.8416994609870017e-05,0.0066822499939007685,0.0023811249993741512,6.6822499939007684e-06,2.381124999374151e-06,,,,9360
noise_sweep,sigma=8,9,2453909918,64,128,257,8.0,,gaussian,1000,839,161,0.839,0.161,13.342,36.416,43.15371686517025,2.487500023562461e-05,0.006708874992909841,0.002377292010351084,6.7088749929098415e-06,2.3772920103510843e-06,,,,9360
noise_sweep,sigma=8,10,1794318698,64,128,257,8.0,,gaussian,1000,780,220,0.78,0.22,-15.536,40.014,47.1989665823993,3.129200194962323e-05,0.006539041001815349,0.0023291669931495562,6.539041001815349e-06,2.329166993149556e-06,,,,9360
noise_sweep,sigma=8,11,2075970815,64,128,257,8.0,,gaussian,1000,832,168,0.832,0.168,-14.199,38.215,45.1779641799788,2.762500662356615e-05,0.006438166994485073,0.0023636249970877543,6.438166994485073e-06,2.3636249970877544e-06,,,,9360
noise_sweep,sigma=8,12,803599859,64,128,257,8.0,,gaussian,1000,625,375,0.625,0.375,42.122,53.262,46.916417875475815,2.654099080245942e-05,0.006558499997481704,0.0023570000048493966,6.558499997481704e-06,2.3570000048493967e-06,,,,9360
noise_sweep,sigma=8,13,3925100977,64,128,257,8.0,,gaussian,1000,845,155,0.845,0.155,-20.114,36.198,39.62040863975005,2.5957997422665358e-05,0.006572500002221204,0.002400958997895941,6.572500002221204e-06,2.4009589978959413e-06,,,,9360
noise_sweep,sigma=8,14,1147359601,64,128,257,8.0,,gaussian,1000,841,159,0.841,0.159,-1.311,36.237,45.26870369841105,2.5667002773843706e-05,0.0065706250024959445,0.002440416006720625,6.570625002495945e-06,2.440416006720625e-06,,,,9360
noise_sweep,sigma=8,15,2181451706,64,128,257,8.0,,gaussian,1000,838,162,0.838,0.162,10.333,36.215,44.5994307163244,2.5874993298202753e-05,0.006549958008690737,0.0023305419890675694,6.549958008690737e-06,2.3305419890675692e-06,,,,9360
noise_sweep,sigma=8,16,377878503,64,128,257,8.0,,gaussian,1000,285,715,0.285,0.715,25.162,81.79,84.15730632695066,3.225001273676753e-05,0.0065570830047363415,0.0023035000049276277,6.557083004736342e-06,2.3035000049276278e-06,,,,9360
noise_sweep,sigma=8,17,2310909860,64,128,257,8.0,,gaussian,1000,869,131,0.869,0.131,18.31,34.656,38.62384887218908,2.6000008801929653e-05,0.006543874987983145,0.0021932499948889017,6.5438749879831445e-06,2.1932499948889017e-06,,,,9360
noise_sweep,sigma=8,18,3928145065,64,128,257,8.0,,gaussian,1000,650,350,0.65,0.35,39.301,53.343,49.240705174134604,2.4499997380189598e-05,0.006473458997788839,0.002300541993463412,6.473458997788839e-06,2.3005419934634117e-06,,,,9360
noise_sweep,sigma=8,19,4022846238,64,128,257,8.0,,gaussian,1000,779,221,0.779,0.221,28.572,41.84,43.05571519102442,2.36249907175079e-05,0.0065853749983944,0.0023447089915862307,6.5853749983943995e-06,2.3447089915862305e-06,,,,9360
noise_sweep,sigma=8,20,2475310588,64,128,257,8.0,,gaussian,1000,175,825,0.175,0.825,-5.491,91.295,95.33882425544385,2.3792003048583865e-05,0.006635208992520347,0.0023827499971957877,6.635208992520348e-06,2.382749997195788e-06,,,,9360
noise_sweep,sigma=8,21,4128102974,64,128,257,8.0,,gaussian,1000,672,328,0.672,0.328,-35.748,50.102,48.65620126892277,2.6125009753741324e-05,0.006626540998695418,0.002385040992521681,6.626540998695418e-06,2.385040992521681e-06,,,,9360
noise_sweep,sigma=8,22,273757817,64,128,257,8.0,,gaussian,1000,764,236,0.764,0.236,-23.751,41.299,45.633709409102764,2.3250002413988113e-05,0.00665491700056009,0.002388916997006163,6.65491700056009e-06,2.388916997006163e-06,,,,9360
noise_sweep,sigma=8,23,2799496653,64,128,257,8.0,,gaussian,1000,535,465,0.535,0.465,-40.56,61.486,57.53656973488128,2.5583009119145572e-05,0.006667374997050501,0.00239258399233222,6.6673749970505015e-06,2.39258399233222e-06,,,,9360
noise_sweep,sigma=8,24,3398800777,64,128,257,8.0,,gaussian,1000,206,794,0.206,0.794,20.763,89.095,91.38268778399237,3.024999750778079e-05,0.0066466669959481806,0.0023868749995017424,6.646666995948181e-06,2.3868749995017425e-06,,,,9360
noise_sweep,sigma=8,25,1839153764,64,128,257,8.0,,gaussian,1000,279,721,0.279,0.721,40.716,83.75,79.70032299486299,2.566599869169295e-05,0.006675583004835062,0.002361082995776087,6.675583004835062e-06,2.361082995776087e-06,,,,9360
noise_sweep,sigma=8,26,2149126877,64,128,257,8.0,,gaussian,1000,648,352,0.648,0.352,-38.068,51.182,47.63047383805916,2.2957989131100476e-05,0.00667095799872186,0.0024083750031422824,6.670957998721861e-06,2.4083750031422822e-06,,,,9360
noise_sweep,sigma=8,27,621535990,64,128,257,8.0,,gaussian,1000,526,474,0.526,0.474,44.108,62.146,56.16481837256151,2.5540997739881277e-05,0.006660457991529256,0.0023595829989062622,6.6604579915292565e-06,2.3595829989062623e-06,,,,9360
noise_sweep,sigma=8,28,2054704861,64,128,257,8.0,,gaussian,1000,829,171,0.829,0.171,-17.684,37.64,43.10445612855054,2.329199924133718e-05,0.006682208011625335,0.0023846249969210476,6.6822080116253345e-06,2.3846249969210476e-06,,,,9360
noise_sweep,sigma=8,29,427328821,64,128,257,8.0,,gaussian,1000,468,532,0.468,0.532,42.183,67.769,64.52133378591544,2.5417000870220363e-05,0.006678334000753239,0.002361292004934512,6.678334000753239e-06,2.361292004934512e-06,,,,9360
noise_sweep,sigma=10,0,3699048195,64,128,257,10.0,,gaussian,1000,692,308,0.692,0.308,-7.14,48.22,58.428728518737394,2.341700019314885e-05,0.006685375003144145,0.0023915410129120573,6.685375003144145e-06,2.391541012912057e-06,,,,9360
noise_sweep,sigma=10,1,1307322542,64,128,257,10.0,,gaussian,1000,735,265,0.735,0.265,-1.192,44.338,54.26174963520319,2.5542001822032034e-05,0.006674958000076003,0.00240641699929256,6.674958000076003e-06,2.40641699929256e-06,,,,9360
noise_sweep,sigma=10,2,1146365019,64,128,257,10.0,,gaussian,1000,761,239,0.761,0.239,-4.447,43.329,52.46644564785115,2.5374989490956068e-05,0.006705750012770295,0.002534333005314693,6.705750012770295e-06,2.534333005314693e-06,,,,9360
noise_sweep,sigma=10,3,42789651,64,128,257,10.0,,gaussian,1000,441,559,0.441,0.559,-35.125,68.685,68.76292398316635,2.3208995116874576e-05,0.006749624997610226,0.002515875006793067,6.749624997610226e-06,2.515875006793067e-06,,,,9360
noise_sweep,sigma=10,4,162807852,64,128,257,10.0,,gaussian,1000,335,665,0.335,0.665,-33.254,77.132,77.38667961724538,2.575000689830631e-05,0.006736416005878709,0.0025044170033652335,6.736416005878709e-06,2.5044170033652335e-06,,,,9360
noise_sweep,sigma=10,5,3642723984,64,128,257,10.0,,gaussian,1000,708,292,0.708,0.292,17.453,47.367,54.75494402238847,2.5417000870220363e-05,0.006752250003046356,0.0024714580067666247,6.752250003046356e-06,2.471458006766625e-06,,,,9360
noise_sweep,sigma=10,6,1593810852,64,128,257,10.0,,gaussian,1000,542,458,0.542,0.458,35.597,60.369,61.18216937024094,2.549999044276774e-05,0.006750000000465661,0.002476916997693479,6.750000000465661e-06,2.476916997693479e-06,,,,9360
noise_sweep,sigma=10,7,960808296,64,128,257,10.0,,gaussian,1000,279,721,0.279,0.721,31.89,82.728,83.07578158215236,2.566599869169295e-05,0.006747250008629635,0.002482249998138286,6.747250008629635e-06,2.482249998138286e-06,,,,9360
noise_sweep,sigma=10,8,4225652931,64,128,257,10.0,,gaussian,1000,726,274,0.726,0.274,-0.838,45.844,55.982048423988076,2.5375004042871296e-05,0.006802457995945588,0.002502750008716248,6.802457995945588e-06,2.502750008716248e-06,,,,9360
noise_sweep,sigma=10,9,684724685,64,128,257,10.0,,gaussian,1000,344,656,0.344,0.656,33.843,77.875,78.19871731934221,2.5417000870220363e-05,0.00675470799615141,0.002474166001775302,6.75470799615141e-06,2.474166001775302e-06,,,,9360
noise_sweep,sigma=10,10,430393882,64,128,257,10.0,,gaussian,1000,252,748,0.252,0.748,-12.204,84.134,89.13163766493261,2.333299198653549e-05,0.006758125004125759,0.0025359999999636784,6.758125004125759e-06,2.5359999999636783e-06,,,,9360
noise_sweep,sigma=10,11,2113184199,64,128,257,10.0,,gaussian,1000,297,703,0.297,0.703,-0.298,81.98,88.55007799156539,2.3250002413988113e-05,0.0067246660037199035,0.002487707999534905,6.724666003719903e-06,2.487707999534905e-06,,,,9360
noise_sweep,sigma=10,12,87132093,64,128,257,10.0,,gaussian,1000,544,456,0.544,0.456,28.911,60.025,64.46261325378849,2.5917004677467048e-05,0.0067434169905027375,0.0025075830053538084,6.7434169905027375e-06,2.507583005353808e-06,,,,9360
noise_sweep,sigma=10,13,2745487610,64,128,257,10.0,,gaussian,1000,743,257,0.743,0.257,4.707,44.503,54.21640498566435,2.5457993615418673e-05,0.006755415990483016,0.0024878330004867166,6.755415990483016e-06,2.4878330004867166e-06,,,,9360
noise_sweep,sigma=10,14,648124060,64,128,257,10.0,,gaussian,1000,757,243,0.757,0.243,-6.325,43.505,53.552284939320955,2.562500594649464e-05,0.006750750006176531,0.002504083007806912,6.750750006176531e-06,2.504083007806912e-06,,,,9360
noise_sweep,sigma=10,15,173262282,64,128,257,10.0,,gaussian,1000,719,281,0.719,0.281,-5.387,46.379,56.79474336480335,2.5291999918408692e-05,0.006753583991667256,0.0025070420088013634,6.753583991667255e-06,2.5070420088013633e-06,,,,9360
noise_sweep,sigma=10,16,3858951860,64,128,257,10.0,,gaussian,1000,390,610,0.39,0.61,17.134,73.504,80.43628559325722,2.587500785011798e-05,0.006772084001568146,0.0024985000054584816,6.772084001568146e-06,2.4985000054584818e-06,,,,9360
noise_sweep,sigma=10,17,547149873,64,128,257,10.0,,gaussian,1000,625,375,0.625,0.375,-24.737,54.445,60.423412844855264,2.5417000870220363e-05,0.006776875001378357,0.0024877090036170557,6.7768750013783575e-06,2.4877090036170555e-06,,,,9360
noise_sweep,sigma=10,18,2075042646,64,128,257,10.0,,gaussian,1000,728,272,0.728,0.272,-17.062,46.316,54.18167411413023,2.533399674575776e-05,0.006778707989724353,0.0025132090086117387,6.778707989724353e-06,2.5132090086117386e-06,,,,9360
noise_sweep,sigma=10,19,4122359210,64,128,257,10.0,,gaussian,1000,692,308,0.692,0.308,-15.783,47.491,55.82349123060267,2.5291999918408692e-05,0.0067277500056661665,0.0024935419933171943,6.727750005666167e-06,2.4935419933171945e-06,,,,9360
noise_sweep,sigma=10,20,4168031624,64,128,257,10.0,,gaussian,1000,740,260,0.74,0.26,-1.515,44.143,53.83390999049637,2.3125001462176442e-05,0.006743625010130927,0.0024895410024328157,6.743625010130927e-06,2.4895410024328155e-06,,,,9360
noise_sweep,sigma=10,21,2620129005,64,128,257,10.0,,gaussian,1000,726,274,0.726,0.274,15.498,46.084,54.99613232374228,2.5582994567230344e-05,0.006753416993888095,0.0024872080102795735,6.753416993888095e-06,2.4872080102795735e-06,,,,9360
noise_sweep,sigma=10,22,3680038067,64,128,257,10.0,,gaussian,1000,705,295,0.705,0.295,10.947,47.581,57.51653973722119,2.5542001822032034e-05,0.006734416994731873,0.002470958002959378,6.734416994731874e-06,2.470958002959378e-06,,,,9360
noise_sweep,sigma=10,23,4007000270,64,128,257,10.0,,gaussian,1000,795,205,0.795,0.205,0.331,40.781,50.535128754542995,2.5583009119145572e-05,0.006740790995536372,0.0024904580059228465,6.740790995536372e-06,2.4904580059228464e-06,,,,9360
noise_sweep,sigma=10,24,2865223395,64,128,257,10.0,,gaussian,1000,211,789,0.211,0.789,-1.206,86.52,91.56242264838366,2.5415996788069606e-05,0.00673829200968612,0.002521832997445017,6.73829200968612e-06,2.521832997445017e-06,,,,9360
noise_sweep,sigma=10,25,905732491,64,128,257,10.0,,gaussian,1000,615,385,0.615,0.385,-25.373,54.489,60.08489048891631,3.0499999411404133e-05,0.006761790995369665,0.002494458996807225,6.761790995369665e-06,2.494458996807225e-06,,,,9360
noise_sweep,sigma=10,26,1301862862,64,128,257,10.0,,gaussian,1000,491,509,0.491,0.509,-32.684,65.156,67.23033587646326,2.5583009119145572e-05,0.006773833985789679,0.0024941250012489036,6.773833985789679e-06,2.4941250012489035e-06,,,,9360
noise_sweep,sigma=10,27,3437387045,64,128,257,10.0,,gaussian,1000,665,335,0.665,0.335,21.668,51.756,58.78434634641585,2.3042011889629066e-05,0.006748333995346911,0.002462958000251092,6.748333995346912e-06,2.462958000251092e-06,,,,9360
noise_sweep,sigma=10,28,4118077069,64,128,257,10.0,,gaussian,1000,661,339,0.661,0.339,-22.645,51.229,56.80527981459836,2.5125002139247954e-05,0.006743625010130927,0.002499167007044889,6.743625010130927e-06,2.499167007044889e-06,,,,9360
noise_sweep,sigma=10,29,628453408,64,128,257,10.0,,gaussian,1000,492,508,0.492,0.508,34.706,64.664,65.49186780623033,2.5582994567230344e-05,0.00675137501093559,0.0024592909903731197,6.7513750109355894e-06,2.4592909903731197e-06,,,,9360
noise_sweep,sigma=12,0,3759185763,64,128,257,12.0,,gaussian,1000,642,358,0.642,0.358,-4.654,52.596,62.81482297981891,2.5291999918408692e-05,0.006764375008060597,0.0024942500022007152,6.764375008060597e-06,2.494250002200715e-06,,,,9360
noise_sweep,sigma=12,1,2666690919,64,128,257,12.0,,gaussian,1000,591,409,0.591,0.409,14.822,56.208,65.22499993573489,2.5500004994682968e-05,0.006753249996108934,0.002483875010511838,6.753249996108934e-06,2.4838750105118377e-06,,,,9360
noise_sweep,sigma=12,2,1221349722,64,128,257,12.0,,gaussian,1000,672,328,0.672,0.328,-0.527,50.631,61.10830955358278,2.5416011339984834e-05,0.006751499997335486,0.0024945420009316877,6.751499997335486e-06,2.494542000931688e-06,,,,9360
noise_sweep,sigma=12,3,3454428417,64,128,257,12.0,,gaussian,1000,410,590,0.41,0.59,-12.915,71.409,78.83309223563053,2.5250003091059625e-05,0.0067608330136863515,0.002495291002560407,6.7608330136863516e-06,2.495291002560407e-06,,,,9360
noise_sweep,sigma=12,4,221054358,64,128,257,12.0,,gaussian,1000,655,345,0.655,0.345,-10.61,52.036,61.225619445428855,2.3125001462176442e-05,0.006773125001927838,0.0024807080044411123,6.773125001927838e-06,2.4807080044411124e-06,,,,9360
noise_sweep,sigma=12,5,721642308,64,128,257,12.0,,gaussian,1000,489,511,0.489,0.511,19.896,65.25,72.13158912813546,2.2958003683015704e-05,0.006748208004864864,0.0024678330082679167,6.748208004864864e-06,2.4678330082679167e-06,,,,9360
noise_sweep,sigma=12,6,3057254804,64,128,257,12.0,,gaussian,1000,674,326,0.674,0.326,-4.751,49.787,60.41470794381063,2.5542001822032034e-05,0.006757916999049485,0.0025062909990083426,6.757916999049485e-06,2.5062909990083425e-06,,,,9360
noise_sweep,sigma=12,7,391699177,64,128,257,12.0,,gaussian,1000,289,711,0.289,0.711,9.318,81.444,87.56659628411273,2.5417000870220363e-05,0.006761584008927457,0.002496875007636845,6.761584008927457e-06,2.496875007636845e-06,,,,9360
noise_sweep,sigma=12,8,3400532779,64,128,257,12.0,,gaussian,1000,652,348,0.652,0.348,4.44,52.616,63.605566329277096,2.5290995836257935e-05,0.0067130829993402585,0.0024874999944586307,6.713082999340258e-06,2.4874999944586307e-06,,,,9360
noise_sweep,sigma=12,9,2776606332,64,128,257,12.0,,gaussian,1000,443,557,0.443,0.557,-14.781,68.809,76.74609437620916,2.5457993615418673e-05,0.006744958998751827,0.002473208005540073,6.744958998751827e-06,2.473208005540073e-06,,,,9360
noise_sweep,sigma=12,10,2558986814,64,128,257,12.0,,gaussian,1000,340,660,0.34,0.66,-6.16,77.636,84.9974056013415,2.5375004042871296e-05,0.006735458999173716,0.0024665419914526865,6.735458999173716e-06,2.4665419914526866e-06,,,,9360
noise_sweep,sigma=12,11,2057474038,64,128,257,12.0,,gaussian,1000,545,455,0.545,0.455,20.234,60.876,68.32280182522706,2.3083004634827375e-05,0.006746333005139604,0.0024697920016478747,6.746333005139604e-06,2.469792001647875e-06,,,,9360
noise_sweep,sigma=12,12,1541300355,64,128,257,12.0,,gaussian,1000,604,396,0.604,0.396,18.882,55.842,63.410195780559846,2.5290995836257935e-05,0.00673191700479947,0.0024877920077415183,6.7319170047994705e-06,2.4877920077415185e-06,,,,9360
noise_sweep,sigma=12,13,2310875335,64,128,257,12.0,,gaussian,1000,522,478,0.522,0.478,-19.215,61.703,69.53115385463093,2.562500594649464e-05,0.006732750000082888,0.0024758340005064383,6.732750000082887e-06,2.475834000506438e-06,,,,9360
noise_sweep,sigma=12,14,4270068542,64,128,257,12.0,,gaussian,1000,349,651,0.349,0.651,-6.931,76.545,84.02434367092272,2.54580081673339e-05,0.00675379199674353,0.0024740829976508394,6.75379199674353e-06,2.4740829976508396e-06,,,,9360
noise_sweep,sigma=12,15,2980528401,64,128,257,12.0,,gaussian,1000,628,372,0.628,0.372,1.1,53.014,63.9584606184724,2.5415996788069606e-05,0.006750874992576428,0.0024679580092197284,6.750874992576428e-06,2.4679580092197283e-06,,,,9360
noise_sweep,sigma=12,16,3344021146,64,128,257,12.0,,gaussian,1000,639,361,0.639,0.361,20.471,51.759,58.79537443587765,2.274999860674143e-05,0.006757084003766067,0.0024588750093244016,6.757084003766067e-06,2.4588750093244015e-06,,,,9360
noise_sweep,sigma=12,17,3638317743,64,128,257,12.0,,gaussian,1000,398,602,0.398,0.602,11.524,73.222,80.80672714045008,2.533300721552223e-05,0.006731499990564771,0.0024592500121798366,6.731499990564771e-06,2.4592500121798368e-06,,,,9360
noise_sweep,sigma=12,18,3403764335,64,128,257,12.0,,gaussian,1000,469,531,0.469,0.531,33.697,67.303,68.96639438563216,2.54580081673339e-05,0.006733791000442579,0.002458792005199939,6.733791000442579e-06,2.458792005199939e-06,,,,9360
noise_sweep,sigma=12,19,2735946791,64,128,257,12.0,,gaussian,1000,419,581,0.419,0.581,-23.119,69.979,75.0532866357952,2.54580081673339e-05,0.00674929199158214,0.002471375002642162,6.7492919915821405e-06,2.4713750026421623e-06,,,,9360
noise_sweep,sigma=12,20,3719587053,64,128,257,12.0,,gaussian,1000,440,560,0.44,0.56,-21.229,68.847,75.22871738185437,2.5332992663607e-05,0.006743457997799851,0.0025016660074470565,6.743457997799851e-06,2.5016660074470565e-06,,,,9360
noise_sweep,sigma=12,21,3569166672,64,128,257,12.0,,gaussian,1000,378,622,0.378,0.622,-17.343,72.839,79.4710198373847,2.3084008716978133e-05,0.006730500012054108,0.0024688329867785797,6.730500012054108e-06,2.4688329867785795e-06,,,,9360
noise_sweep,sigma=12,22,1485807006,64,128,257,12.0,,gaussian,1000,502,498,0.502,0.498,-23.618,63.872,69.91029627691135,2.5209010345861316e-05,0.006729083004756831,0.002472292006132193,6.729083004756831e-06,2.472292006132193e-06,,,,9360
noise_sweep,sigma=12,23,4182207880,64,128,257,12.0,,gaussian,1000,703,297,0.703,0.297,5.703,47.499,57.59247941081097,2.5542001822032034e-05,0.006731583998771384,0.0024716250045457855,6.731583998771384e-06,2.4716250045457855e-06,,,,9360
noise_sweep,sigma=12,24,786717947,64,128,257,12.0,,gaussian,1000,627,373,0.627,0.373,-11.833,52.885,62.77969736627759,2.5290995836257935e-05,0.006738166994182393,0.002488124999217689,6.738166994182393e-06,2.488124999217689e-06,,,,9360
noise_sweep,sigma=12,25,4247511543,64,128,257,12.0,,gaussian,1000,637,363,0.637,0.363,7.874,51.75,61.966636087397774,2.5500004994682968e-05,0.006719666998833418,0.0024740829976508394,6.719666998833418e-06,2.4740829976508396e-06,,,,9360
noise_sweep,sigma=12,26,44435363,64,128,257,12.0,,gaussian,1000,591,409,0.591,0.409,-28.41,56.456,60.730668645373186,2.28749995585531e-05,0.0067186249943915755,0.0024624159996164963,6.718624994391575e-06,2.4624159996164965e-06,,,,9360
noise_sweep,sigma=12,27,1686603642,64,128,257,12.0,,gaussian,1000,525,475,0.525,0.475,-23.608,62.002,68.43381856599501,2.5374989490956068e-05,0.006707874999847263,0.0024605409998912364,6.707874999847263e-06,2.4605409998912364e-06,,,,9360
noise_sweep,sigma=12,28,3138466147,64,128,257,12.0,,gaussian,1000,415,585,0.415,0.585,11.475,71.807,79.76184129222649,2.5540997739881277e-05,0.006739707998349331,0.002483707998180762,6.739707998349331e-06,2.483707998180762e-06,,,,9360
noise_sweep,sigma=12,29,1038431752,64,128,257,12.0,,gaussian,1000,313,687,0.313,0.687,-0.674,79.852,86.7952022356716,2.5332992663607e-05,0.006729833999997936,0.0024655419983901083,6.729833999997936e-06,2.4655419983901083e-06,,,,9360
noise_sweep,sigma=16,0,938994007,64,128,257,16.0,,gaussian,1000,492,508,0.492,0.508,-5.727,63.875,73.6225152093145,2.304099325556308e-05,0.006730666995281354,0.0024745409900788218,6.7306669952813534e-06,2.474540990078822e-06,,,,9360
noise_sweep,sigma=16,1,3705547101,64,128,257,16.0,,gaussian,1000,570,430,0.57,0.43,1.749,59.571,70.08034855973716,2.5291999918408692e-05,0.006693250004900619,0.002466750011080876,6.693250004900619e-06,2.466750011080876e-06,,,,9360
noise_sweep,sigma=16,2,3934257761,64,128,257,16.0,,gaussian,1000,407,593,0.407,0.593,12.029,71.879,80.00045144392143,2.5417000870220363e-05,0.006736499999533407,0.0024724170070840046,6.7364999995334075e-06,2.4724170070840047e-06,,,,9360
noise_sweep,sigma=16,3,1418920902,64,128,257,16.0,,gaussian,1000,480,520,0.48,0.52,7.448,66.404,75.4402049342426,2.5375004042871296e-05,0.006715042007272132,0.002469874991220422,6.715042007272132e-06,2.469874991220422e-06,,,,9360
noise_sweep,sigma=16,4,1219550890,64,128,257,16.0,,gaussian,1000,529,471,0.529,0.471,-4.363,61.411,71.32987580377652,2.2791995434090495e-05,0.006722542006173171,0.00248545799695421,6.722542006173171e-06,2.48545799695421e-06,,,,9360
noise_sweep,sigma=16,5,3462783546,64,128,257,16.0,,gaussian,1000,514,486,0.514,0.486,-8.415,62.547,72.03209977779628,2.5332992663607e-05,0.006709916007821448,0.0024733330064918846,6.709916007821448e-06,2.4733330064918845e-06,,,,9360
noise_sweep,sigma=16,6,3040773198,64,128,257,16.0,,gaussian,1000,549,451,0.549,0.451,3.673,60.307,70.73875912852192,2.5375004042871296e-05,0.006726209001499228,0.0024750419979682192,6.7262090014992285e-06,2.475041997968219e-06,,,,9360
noise_sweep,sigma=16,7,866105950,64,128,257,16.0,,gaussian,1000,545,455,0.545,0.455,-4.093,60.837,71.57230571908346,2.5250003091059625e-05,0.006724916995153762,0.0024690830032341182,6.7249169951537624e-06,2.4690830032341183e-06,,,,9360
noise_sweep,sigma=16,8,717760098,64,128,257,16.0,,gaussian,1000,468,532,0.468,0.532,-4.176,66.83,76.28044133150863,2.3792003048583865e-05,0.006714125003782101,0.002469667000696063,6.714125003782101e-06,2.469667000696063e-06,,,,9360
noise_sweep,sigma=16,9,751156833,64,128,257,16.0,,gaussian,1000,482,518,0.482,0.518,-5.862,64.756,74.37448837148744,2.5250003091059625e-05,0.0066982499993173406,0.0024629589897813275,6.69824999931734e-06,2.4629589897813275e-06,,,,9360
noise_sweep,sigma=16,10,381784040,64,128,257,16.0,,gaussian,1000,556,444,0.556,0.444,-3.679,60.199,70.39873536464232,2.533399674575776e-05,0.006710500005283393,0.0024771250027697533,6.710500005283393e-06,2.4771250027697533e-06,,,,9360
noise_sweep,sigma=16,11,1863419538,64,128,257,16.0,,gaussian,1000,495,505,0.495,0.505,7.539,64.623,74.13926834080648,2.5417000870220363e-05,0.006728957989253104,0.002461790994857438,6.728957989253104e-06,2.461790994857438e-06,,,,9360
noise_sweep,sigma=16,12,3940271498,64,128,257,16.0,,gaussian,1000,527,473,0.527,0.473,-3.625,61.257,71.33277465330883,2.2875014110468328e-05,0.006787499994970858,0.002542000001994893,6.787499994970858e-06,2.542000001994893e-06,,,,9360
noise_sweep,sigma=16,13,1682718893,64,128,257,16.0,,gaussian,1000,403,597,0.403,0.597,-5.756,71.066,80.12034531711488,2.416600182186812e-05,0.006765790996723808,0.002475875007803552,6.765790996723809e-06,2.4758750078035517e-06,,,,9360
noise_sweep,sigma=16,14,940088830,64,128,257,16.0,,gaussian,1000,447,553,0.447,0.553,4.263,68.319,77.51637646084613,2.3125001462176442e-05,0.006729000000632368,0.0024842910061124712,6.729000000632368e-06,2.4842910061124714e-06,,,,9360
noise_sweep,sigma=16,15,350356596,64,128,257,16.0,,gaussian,1000,490,510,0.49,0.51,4.999,64.753,74.02631217272608,2.5792003725655377e-05,0.006756874994607642,0.0024672919971635565,6.756874994607642e-06,2.4672919971635567e-06,,,,9360
noise_sweep,sigma=16,16,3336386925,64,128,257,16.0,,gaussian,1000,548,452,0.548,0.452,2.268,59.95,70.58240610840674,2.5290995836257935e-05,0.0067340420064283535,0.0024777079961495474,6.734042006428353e-06,2.4777079961495473e-06,,,,9360
noise_sweep,sigma=16,17,4117009304,64,128,257,16.0,,gaussian,1000,466,534,0.466,0.534,0.811,66.407,75.9894444951052,2.5250003091059625e-05,0.0067342080001253635,0.002461625001160428,6.7342080001253635e-06,2.461625001160428e-06,,,,9360
noise_sweep,sigma=16,18,706698804,64,128,257,16.0,,gaussian,1000,463,537,0.463,0.537,1.148,67.258,76.73063068739684,2.5249988539144397e-05,0.006736499999533407,0.002482916010194458,6.7364999995334075e-06,2.4829160101944583e-06,,,,9360
noise_sweep,sigma=16,19,1392323663,64,128,257,16.0,,gaussian,1000,472,528,0.472,0.528,-5.076,66.348,75.65773137172641,2.2833002731204033e-05,0.006746957995346747,0.0024842080019880086,6.7469579953467475e-06,2.4842080019880084e-06,,,,9360
noise_sweep,sigma=16,20,1352669639,64,128,257,16.0,,gaussian,1000,590,410,0.59,0.41,-1.128,57.298,67.73159665315137,2.5540997739881277e-05,0.006746874991222285,0.002485667006112635,6.7468749912222845e-06,2.485667006112635e-06,,,,9360
noise_sweep,sigma=16,21,497043640,64,128,257,16.0,,gaussian,1000,493,507,0.493,0.507,9.017,65.645,75.00050524354344,2.562499139457941e-05,0.0067418329999782145,0.002465625002514571,6.741832999978214e-06,2.465625002514571e-06,,,,9360
noise_sweep,sigma=16,22,916806365,64,128,257,16.0,,gaussian,1000,428,572,0.428,0.572,3.63,69.744,78.47906768090498,2.5375004042871296e-05,0.0067521250020945445,0.0024667079997016117,6.752125002094544e-06,2.4667079997016117e-06,,,,9360
noise_sweep,sigma=16,23,1060574322,64,128,257,16.0,,gaussian,1000,464,536,0.464,0.536,8.061,67.201,76.48281440885854,2.5374989490956068e-05,0.0067445000022416934,0.002454417000990361,6.744500002241693e-06,2.454417000990361e-06,,,,9360
noise_sweep,sigma=16,24,1768146114,64,128,257,16.0,,gaussian,1000,459,541,0.459,0.541,6.513,67.455,76.91268681038514,2.3249987862072885e-05,0.006784208002500236,0.002492542000254616,6.784208002500236e-06,2.492542000254616e-06,,,,9360
noise_sweep,sigma=16,25,314022096,64,128,257,16.0,,gaussian,1000,443,557,0.443,0.557,-4.411,69.205,78.47786218962551,2.300000051036477e-05,0.006752708010026254,0.002485874996636994,6.7527080100262536e-06,2.4858749966369943e-06,,,,9360
noise_sweep,sigma=16,26,3505994724,64,128,257,16.0,,gaussian,1000,477,523,0.477,0.523,-4.125,65.615,75.36616903116699,2.520799171179533e-05,0.006732416994054802,0.002481874995282851,6.732416994054802e-06,2.4818749952828513e-06,,,,9360
noise_sweep,sigma=16,27,2409662911,64,128,257,16.0,,gaussian,1000,480,520,0.48,0.52,-9.583,65.789,74.75910670303007,2.549999044276774e-05,0.006730749999405816,0.002474791996064596,6.7307499994058164e-06,2.4747919960645958e-06,,,,9360
noise_sweep,sigma=16,28,2985163951,64,128,257,16.0,,gaussian,1000,447,553,0.447,0.553,-3.404,68.972,77.90970868066897,2.5415996788069606e-05,0.006750083994120359,0.002493667008820921,6.750083994120359e-06,2.493667008820921e-06,,,,9360
noise_sweep,sigma=16,29,3409914228,64,128,257,16.0,,gaussian,1000,504,496,0.504,0.496,-2.43,63.836,74.15394735216668,2.5542001822032034e-05,0.006764709003618918,0.002508874997147359,6.764709003618918e-06,2.508874997147359e-06,,,,9360
noise_sweep,sigma=20,0,83235431,64,128,257,20.0,,gaussian,1000,502,498,0.502,0.498,-2.112,64.166,74.68778830385675,2.5708999601192772e-05,0.006727790998411365,0.0024727080017328262,6.727790998411365e-06,2.4727080017328264e-06,,,,9360
noise_sweep,sigma=20,1,2877919226,64,128,257,20.0,,gaussian,1000,466,534,0.466,0.534,2.26,67.062,76.6113940984349,2.2916006855666637e-05,0.0067260840005474165,0.0024680839997017756,6.7260840005474165e-06,2.4680839997017755e-06,,,,9360
noise_sweep,sigma=20,2,731414325,64,128,257,20.0,,gaussian,1000,514,486,0.514,0.486,-7.816,62.87,72.39652893199647,2.520799171179533e-05,0.006759459007298574,0.002493250009138137,6.7594590072985735e-06,2.4932500091381373e-06,,,,9360
noise_sweep,sigma=20,3,1714917176,64,128,257,20.0,,gaussian,1000,496,504,0.496,0.504,5.694,65.15,74.01892437184672,2.545899769756943e-05,0.006735167000442743,0.0024547499924665317,6.735167000442743e-06,2.454749992466532e-06,,,,9360
noise_sweep,sigma=20,4,4067710642,64,128,257,20.0,,gaussian,1000,531,469,0.531,0.469,0.498,61.536,71.78337445989044,2.504199801478535e-05,0.006743958991137333,0.002490833998308517,6.743958991137333e-06,2.490833998308517e-06,,,,9360
noise_sweep,sigma=20,5,3370489057,64,128,257,20.0,,gaussian,1000,493,507,0.493,0.507,2.675,65.163,74.86363562464048,2.520800626371056e-05,0.006738915995811112,0.002458957998896949,6.7389159958111125e-06,2.458957998896949e-06,,,,9360
noise_sweep,sigma=20,6,4276641575,64,128,257,20.0,,gaussian,1000,515,485,0.515,0.485,6.611,64.121,73.55103965570055,2.28749995585531e-05,0.006729957996867597,0.0024698750057723373,6.729957996867597e-06,2.4698750057723375e-06,,,,9360
noise_sweep,sigma=20,7,1803845568,64,128,257,20.0,,gaussian,1000,490,510,0.49,0.51,-1.461,65.045,74.75367945186105,2.533300721552223e-05,0.006734750000759959,0.002482416995917447,6.734750000759959e-06,2.482416995917447e-06,,,,9360
noise_sweep,sigma=20,8,2593302885,64,128,257,20.0,,gaussian,1000,505,495,0.505,0.495,6.575,64.549,73.95705524844145,2.5291999918408692e-05,0.006882625006255694,0.002587750001111999,6.882625006255694e-06,2.587750001111999e-06,,,,9360
noise_sweep,sigma=20,9,29741992,64,128,257,20.0,,gaussian,1000,490,510,0.49,0.51,-0.014,65.344,75.2465537273824,2.3209009668789804e-05,0.006711875001201406,0.002470624996931292,6.711875001201406e-06,2.470624996931292e-06,,,,9360
noise_sweep,sigma=20,10,1705307313,64,128,257,20.0,,gaussian,1000,495,505,0.495,0.505,-5.996,63.694,74.06991519055721,2.566599869169295e-05,0.006736082999850623,0.0024635000008856878,6.736082999850623e-06,2.463500000885688e-06,,,,9360
noise_sweep,sigma=20,11,1750301801,64,128,257,20.0,,gaussian,1000,495,505,0.495,0.505,-2.921,64.961,74.99612775455928,2.5250003091059625e-05,0.0067669999989448115,0.0024690419959370047,6.766999998944812e-06,2.4690419959370048e-06,,,,9360
noise_sweep,sigma=20,12,3812790278,64,128,257,20.0,,gaussian,1000,471,529,0.471,0.529,-1.28,65.83,75.3042783268941,2.533399674575776e-05,0.006743874997482635,0.002482208001310937,6.743874997482635e-06,2.482208001310937e-06,,,,9360
noise_sweep,sigma=20,13,497501559,64,128,257,20.0,,gaussian,1000,480,520,0.48,0.52,-0.067,65.663,75.58671750289771,2.5291999918408692e-05,0.006717834010487422,0.00247950000630226,6.717834010487422e-06,2.47950000630226e-06,,,,9360
noise_sweep,sigma=20,14,889130123,64,128,257,20.0,,gaussian,1000,492,508,0.492,0.508,2.87,65.236,74.80950181334963,2.3124986910261214e-05,0.0067081669985782355,0.0024872500071069226,6.708166998578236e-06,2.4872500071069226e-06,,,,9360
noise_sweep,sigma=20,15,633609451,64,128,257,20.0,,gaussian,1000,554,446,0.554,0.446,-4.707,59.657,69.84551200003152,2.5707995519042015e-05,0.00671941701148171,0.002471582993166521,6.71941701148171e-06,2.4715829931665214e-06,,,,9360
noise_sweep,sigma=20,16,1797211354,64,128,257,20.0,,gaussian,1000,530,470,0.53,0.47,1.92,61.878,72.1941104910199,2.520800626371056e-05,0.0067389160103630275,0.0024784999986877665,6.7389160103630275e-06,2.4784999986877665e-06,,,,9360
noise_sweep,sigma=20,17,609078880,64,128,257,20.0,,gaussian,1000,502,498,0.502,0.498,1.793,63.683,73.75490449412118,2.5457993615418673e-05,0.006723832993884571,0.0024571249959990382,6.7238329938845705e-06,2.4571249959990384e-06,,,,9360
noise_sweep,sigma=20,18,2318824670,64,128,257,20.0,,gaussian,1000,485,515,0.485,0.515,-3.293,66.259,76.28104580398036,2.5000001187436283e-05,0.006735500006470829,0.0024878749973140657,6.7355000064708296e-06,2.4878749973140656e-06,,,,9360
noise_sweep,sigma=20,19,1285261429,64,128,257,20.0,,gaussian,1000,501,499,0.501,0.499,-1.218,64.232,74.40700826453701,2.28749995585531e-05,0.006722457997966558,0.0024481659929733723,6.722457997966557e-06,2.448165992973372e-06,,,,9360
noise_sweep,sigma=20,20,2211379276,64,128,257,20.0,,gaussian,1000,505,495,0.505,0.495,-3.699,63.099,72.91293915139957,2.5583009119145572e-05,0.006725500003085472,0.002471665997290984,6.725500003085472e-06,2.471665997290984e-06,,,,9360
noise_sweep,sigma=20,21,1418002188,64,128,257,20.0,,gaussian,1000,493,507,0.493,0.507,0.938,66.016,75.6777197943574,2.5417000870220363e-05,0.006753124995157123,0.0024658339971210808,6.753124995157123e-06,2.4658339971210805e-06,,,,9360
noise_sweep,sigma=20,22,3998244781,64,128,257,20.0,,gaussian,1000,506,494,0.506,0.494,3.146,63.72,74.11262622094407,2.5083005311898887e-05,0.006729833010467701,0.0024766249989625067,6.729833010467701e-06,2.476624998962507e-06,,,,9360
noise_sweep,sigma=20,23,2493798367,64,128,257,20.0,,gaussian,1000,502,498,0.502,0.498,2.336,64.436,74.3991824037223,2.28749995585531e-05,0.006754000001819804,0.0024589169915998355,6.754000001819805e-06,2.4589169915998355e-06,,,,9360
noise_sweep,sigma=20,24,1652195214,64,128,257,20.0,,gaussian,1000,497,503,0.497,0.503,-1.917,64.543,74.32877557095823,2.5291999918408692e-05,0.0067416250094538555,0.002477832997101359,6.741625009453856e-06,2.477832997101359e-06,,,,9360
noise_sweep,sigma=20,25,4011780085,64,128,257,20.0,,gaussian,1000,519,481,0.519,0.481,-3.357,63.119,73.14344478156956,2.5332992663607e-05,0.0067720830120379105,0.0024573330010753125,6.77208301203791e-06,2.4573330010753126e-06,,,,9360
noise_sweep,sigma=20,26,1580756675,64,128,257,20.0,,gaussian,1000,494,506,0.494,0.506,-1.979,65.163,75.29741203560225,2.5332992663607e-05,0.006775415997253731,0.002488917001755908,6.775415997253731e-06,2.488917001755908e-06,,,,9360
noise_sweep,sigma=20,27,2524179823,64,128,257,20.0,,gaussian,1000,508,492,0.508,0.492,-0.448,64.32,74.81413269196169,2.5250003091059625e-05,0.006762375007383525,0.0024685829994268715,6.762375007383525e-06,2.4685829994268714e-06,,,,9360
noise_sweep,sigma=20,28,3360529092,64,128,257,20.0,,gaussian,1000,499,501,0.499,0.501,-3.694,65.16,74.90359746309193,2.5374989490956068e-05,0.00673754200397525,0.002479458009474911,6.7375420039752495e-06,2.479458009474911e-06,,,,9360
noise_sweep,sigma=20,29,3622847034,64,128,257,20.0,,gaussian,1000,494,506,0.494,0.506,-3.147,63.713,73.46072330755305,2.2958993213251233e-05,0.006739916992955841,0.002466958001605235,6.739916992955841e-06,2.466958001605235e-06,,,,9360
noise_sweep,sigma=24,0,3640684561,64,128,257,24.0,,gaussian,1000,517,483,0.517,0.483,1.056,61.754,71.97407263126863,2.520800626371056e-05,0.0067282090021763,0.0024900830030674115,6.728209002176299e-06,2.4900830030674115e-06,,,,9360
noise_sweep,sigma=24,1,4202911550,64,128,257,24.0,,gaussian,1000,498,502,0.498,0.502,-1.146,64.66,74.25023758737598,2.5250003091059625e-05,0.006743707999703474,0.0024763330002315342,6.743707999703475e-06,2.476333000231534e-06,,,,9360
noise_sweep,sigma=24,2,632889694,64,128,257,24.0,,gaussian,1000,483,517,0.483,0.517,1.266,64.842,74.62877929256715,2.549999044276774e-05,0.0067322910035727546,0.0024789169983705506,6.732291003572755e-06,2.4789169983705504e-06,,,,9360
noise_sweep,sigma=24,3,2262763618,64,128,257,24.0,,gaussian,1000,482,518,0.482,0.518,-2.016,65.892,74.96558932992913,2.5540997739881277e-05,0.006731583998771384,0.00246545800473541,6.731583998771384e-06,2.46545800473541e-06,,,,9360
noise_sweep,sigma=24,4,3430026802,64,128,257,24.0,,gaussian,1000,490,510,0.49,0.51,-0.772,65.194,75.10561143395924,2.2957989131100476e-05,0.0067767079890472814,0.0022084999945946038,6.776707989047281e-06,2.208499994594604e-06,,,,9360
noise_sweep,sigma=24,5,439754841,64,128,257,24.0,,gaussian,1000,525,475,0.525,0.475,5.471,62.713,72.28143444042021,2.9749993700534105e-05,0.006407541994121857,0.0023076659999787807,6.407541994121857e-06,2.307665999978781e-06,,,,9360
noise_sweep,sigma=24,6,3134405275,64,128,257,24.0,,gaussian,1000,499,501,0.499,0.501,0.678,64.91,74.75792307884872,2.4374996428377926e-05,0.006421582991606556,0.00234545799321495,6.4215829916065555e-06,2.34545799321495e-06,,,,9360
noise_sweep,sigma=24,7,210038484,64,128,257,24.0,,gaussian,1000,509,491,0.509,0.491,1.572,63.014,73.0443172894941,2.420799864921719e-05,0.006497792011941783,0.0023563330032629892,6.4977920119417835e-06,2.356333003262989e-06,,,,9360
noise_sweep,sigma=24,8,3404172741,64,128,257,24.0,,gaussian,1000,503,497,0.503,0.497,-0.713,63.731,74.17400092629097,2.5708010070957243e-05,0.006544375006342307,0.002363749998039566,6.544375006342307e-06,2.363749998039566e-06,,,,9360
noise_sweep,sigma=24,9,3620676295,64,128,257,24.0,,gaussian,1000,488,512,0.488,0.512,0.498,64.876,74.57409262801184,2.5832996470853686e-05,0.0065268329926766455,0.0023516669898526743,6.526832992676646e-06,2.3516669898526745e-06,,,,9360
noise_sweep,sigma=24,10,3151780917,64,128,257,24.0,,gaussian,1000,477,523,0.477,0.523,-3.289,65.827,75.52232186645284,2.5583009119145572e-05,0.00660891599545721,0.0023710000095888972,6.60891599545721e-06,2.3710000095888973e-06,,,,9360
noise_sweep,sigma=24,11,2719143672,64,128,257,24.0,,gaussian,1000,500,500,0.5,0.5,-2.501,64.379,74.61915315129902,2.329199924133718e-05,0.006573708000360057,0.0023494170018238947,6.573708000360056e-06,2.3494170018238946e-06,,,,9360
noise_sweep,sigma=24,12,1494308726,64,128,257,24.0,,gaussian,1000,508,492,0.508,0.492,-0.256,63.676,73.97892500804093,2.5542001822032034e-05,0.006593915997655131,0.002358957994147204,6.593915997655131e-06,2.358957994147204e-06,,,,9360
noise_sweep,sigma=24,13,2120924733,64,128,257,24.0,,gaussian,1000,505,495,0.505,0.495,-2.545,63.505,73.54510764053485,2.5374989490956068e-05,0.006590457996935584,0.0023704579944023862,6.590457996935584e-06,2.3704579944023863e-06,,,,9360
noise_sweep,sigma=24,14,2983108362,64,128,257,24.0,,gaussian,1000,523,477,0.523,0.477,-0.132,61.782,72.63853614255268,2.300000051036477e-05,0.006568291995790787,0.002384833001997322,6.568291995790787e-06,2.3848330019973218e-06,,,,9360
noise_sweep,sigma=24,15,3134507777,64,128,257,24.0,,gaussian,1000,515,485,0.515,0.485,-3.579,63.443,73.46850604429343,2.5125002139247954e-05,0.006582165995496325,0.002377042008447461,6.5821659954963256e-06,2.377042008447461e-06,,,,9360
noise_sweep,sigma=24,16,448967765,64,128,257,24.0,,gaussian,1000,515,485,0.515,0.485,-2.451,63.033,73.12447461546502,2.5500004994682968e-05,0.00658649999240879,0.002381833008257672,6.5864999924087895e-06,2.381833008257672e-06,,,,9360
noise_sweep,sigma=24,17,13529802,64,128,257,24.0,,gaussian,1000,517,483,0.517,0.483,1.388,64.092,74.18721722237059,2.3042011889629066e-05,0.006581749999895692,0.002386792009929195,6.581749999895692e-06,2.386792009929195e-06,,,,9360
noise_sweep,sigma=24,18,3827561667,64,128,257,24.0,,gaussian,1000,507,493,0.507,0.493,-3.022,64.76,74.6501182594921,2.5083005311898887e-05,0.006571958001586609,0.0023800409981049597,6.571958001586609e-06,2.3800409981049596e-06,,,,9360
noise_sweep,sigma=24,19,3668763651,64,128,257,24.0,,gaussian,1000,505,495,0.505,0.495,-3.612,62.688,72.55541154003431,2.508299075998366e-05,0.00656291599443648,0.0023813750012777746,6.56291599443648e-06,2.3813750012777747e-06,,,,9360
noise_sweep,sigma=24,20,1715457521,64,128,257,24.0,,gaussian,1000,491,509,0.491,0.509,1.222,65.2,75.0500981560533,2.274999860674143e-05,0.0065771249937824905,0.002393208007561043,6.57712499378249e-06,2.393208007561043e-06,,,,9360
noise_sweep,sigma=24,21,3095911160,64,128,257,24.0,,gaussian,1000,487,513,0.487,0.513,3.413,65.863,75.28883609035167,2.5083005311898887e-05,0.006563374990946613,0.002385208004852757,6.563374990946613e-06,2.385208004852757e-06,,,,9360
noise_sweep,sigma=24,22,1205801282,64,128,257,24.0,,gaussian,1000,474,526,0.474,0.526,2.026,65.572,74.69570786044385,2.5125002139247954e-05,0.006563333008671179,0.002374999996391125,6.563333008671179e-06,2.374999996391125e-06,,,,9360
noise_sweep,sigma=24,23,2318587062,64,128,257,24.0,,gaussian,1000,486,514,0.486,0.514,0.727,65.195,74.66814449819147,2.3249987862072885e-05,0.0065923749934881926,0.0023899579973658547,6.5923749934881925e-06,2.3899579973658547e-06,,,,9360
noise_sweep,sigma=24,24,1919232123,64,128,257,24.0,,gaussian,1000,483,517,0.483,0.517,0.63,64.972,74.7768190863497,2.5291999918408692e-05,0.006579916996997781,0.0023775000008754432,6.579916996997781e-06,2.3775000008754434e-06,,,,9360
noise_sweep,sigma=24,25,2927282172,64,128,257,24.0,,gaussian,1000,527,473,0.527,0.473,-5.578,63.164,73.48053691492261,2.5042012566700578e-05,0.0065865410142578185,0.0023838749912101775,6.5865410142578185e-06,2.3838749912101774e-06,,,,9360
noise_sweep,sigma=24,26,2578684966,64,128,257,24.0,,gaussian,1000,473,527,0.473,0.527,3.773,65.829,75.78549275363928,2.5083005311898887e-05,0.006597249986953102,0.0023662919993512332,6.597249986953102e-06,2.3662919993512332e-06,,,,9360
noise_sweep,sigma=24,27,2549219837,64,128,257,24.0,,gaussian,1000,515,485,0.515,0.485,2.175,64.133,73.91775300433049,2.5083005311898887e-05,0.006575499995960854,0.0023700829915469512,6.575499995960854e-06,2.3700829915469514e-06,,,,9360
noise_sweep,sigma=24,28,3255422586,64,128,257,24.0,,gaussian,1000,485,515,0.485,0.515,0.605,64.665,75.0307442825112,2.3207991034723818e-05,0.006588874995941296,0.0023867080017225817,6.5888749959412965e-06,2.386708001722582e-06,,,,9360
noise_sweep,sigma=24,29,1914877985,64,128,257,24.0,,gaussian,1000,502,498,0.502,0.498,-3.622,62.902,72.77127712755065,2.520800626371056e-05,0.006582832997082733,0.0023775419977027923,6.582832997082732e-06,2.3775419977027924e-06,,,,9360
